Record_ID,Crop_Type,Region,Soil_Type,Season,Farm_Area_Hectares,Rainfall_mm,Temperature_C,Humidity_Percent,Soil_pH,Nitrogen_kg_ha,Phosphorus_kg_ha,Potassium_kg_ha,Fertilizer_Used_kg,Pesticide_Used_Liters,Irrigation_Method,Sunshine_Hours,Organic_Farming,Yield_Tons_Per_Hectare
1,Maize,North,Sandy,Kharif,3.92,1097.1,31.9,62.2,5.3,110.6,69.1,88.1,161.1,2.02,"['Drip', 'Sprinkler', 'Flood']",6.2,No,12.67
2,Rice,Central,Clay,Rabi,8.84,379.4,26.6,75.8,6.2,129.4,63.7,95.6,177.7,2.94,"['Drip', 'Sprinkler', 'Flood']",,No,7.29
3,Rice,East,Black,Rabi,9.36,320.2,22.4,45.9,8.2,83.5,78.5,48.3,127.3,3.07,"['Drip', 'Sprinkler', 'Flood']",8.8,Yes,6.36
4,Maize,West,Loam,Rabi,4.69,476.3,20.7,49.1,6.3,155.7,58.6,51.5,185.7,2.39,"['Drip', 'Sprinkler', 'Flood']",8.1,Yes,8.19
5,Rice,South,Clay,Zaid,14.4,279.2,18.3,34.2,7.1,120.3,65.1,88.6,175.9,3.65,"['Drip', 'Sprinkler', 'Flood']",5.8,No,6.52
6,Soybean,Nroth,Silt,Kharif,1.65,828.7,32.3,83.9,7.6,112.0,62.6,31.0,162.5,1.31,"['Drip', 'Sprinkler', 'Flood']",9.0,Yes,10.37
7,Maize,West,Black,Rabi,19.33,232.9,23.8,55.4,,121.7,52.4,27.5,147.4,3.11,"['Drip', 'Sprinkler', 'Flood']",6.8,No,6.32
8,Wheat,South,Clay,Rabi,19.58,150.2,20.9,54.9,6.2,177.1,64.2,107.3,224.0,3.55,"['Drip', 'Sprinkler', 'Flood']",9.9,No,6.48
9,Wheat,East,Loam,Zaid,13.55,455.0,25.2,60.7,6.8,115.1,29.6,47.9,149.7,3.41,"['Drip', 'Sprinkler', 'Flood']",6.3,No,7.17
10,Rice,Central,Silt,Kharif,6.01,1032.7,25.2,86.3,5.9,121.8,65.7,70.2,166.3,2.71,"['Drip', 'Sprinkler', 'Flood']",7.2,Yes,12.72
11,Wheet,South,Clay,Rabi,22.12,200.7,19.6,44.9,5.5,124.3,52.4,64.3,150.3,3.43,"['Drip', 'Sprinkler', 'Flood']",9.1,No,5.85
12,Maize,Central,Loam,Kharif,5.16,857.8,24.0,78.3,6.0,120.1,94.0,42.8,177.7,1.87,"['Drip', 'Sprinkler', 'Flood']",10.6,No,11.78
13,Soybean,Central,Clay,Kharif,12.4,934.3,31.9,84.1,8.2,128.8,57.5,114.9,182.5,3.77,"['Drip', 'Sprinkler', 'Flood']",7.3,No,11.09
14,Wheat,South,Loam,Rabi,13.78,218.0,21.0,51.6,7.0,71.1,59.5,108.0,153.9,2.23,"['Drip', 'Sprinkler', 'Flood']",8.5,No,6.14
15,Wheat,North,Black,Kharif,15.07,785.6,25.2,64.5,8.0,104.7,66.7,110.4,172.4,3.6,"['Drip', 'Sprinkler', 'Flood']",8.0,No,10.24
16,Wheat,East,Black,Zaid,2.29,529.1,21.7,62.6,8.0,157.7,39.0,72.0,193.6,2.01,"['Drip', 'Sprinkler', 'Flood']",6.6,yes,8.21
17,Maize,North,Black,Kharif,16.75,974.7,27.2,78.6,6.9,127.9,57.1,107.0,185.4,3.78,"['Drip', 'Sprinkler', 'Flood']",6.3,No,11.45
18,Cotton,North,Silt,Rabi,1.58,323.4,19.9,59.6,8.1,134.2,73.8,72.9,177.0,0.46,"['Drip', 'Sprinkler', 'Flood']",9.4,Yes,6.13
19,Wheat,South,Black,Kharif,3.62,785.0,36.0,80.7,7.9,72.4,62.8,94.7,145.6,2.31,"['Drip', 'Sprinkler', 'Flood']",8.0,No,9.96
20,Soybean,Central,Clay,Rabi,1.11,240.2,20.7,46.0,8.0,136.1,31.6,85.9,166.8,1.74,"['Drip', 'Sprinkler', 'Flood']",9.6,No,6.58
21,Wheat,Central,Silt,Kharif,20.6,973.6,25.9,69.6,6.0,98.7,83.4,94.6,162.7,4.45,"['Drip', 'Sprinkler', 'Flood']",8.0,No,11.95
22,Soybean,South,Black,Zaid,7.0,331.0,24.3,61.7,7.4,106.7,78.9,60.3,159.0,2.2,"['Drip', 'Sprinkler', 'Flood']",7.0,Yes,7.23
23,Soybean,East,Clay,Kharif,2.21,831.1,24.9,67.4,7.4,164.7,56.0,96.4,207.9,0.92,"['Drip', 'Sprinkler', 'Flood']",7.6,Yes,10.38
24,Maize,Central,Black,Rabi,10.45,470.7,22.7,47.6,5.8,127.6,40.0,70.5,170.8,2.92,"['Drip', 'Sprinkler', 'Flood']",6.2,No,8.03
25,Maize,West,Sandy,Rabi,16.01,158.7,27.4,55.1,5.9,82.6,61.0,84.2,138.9,4.1,"['Drip', 'Sprinkler', 'Flood']",9.1,Yes,4.82
26,Wheat,West,Silt,Kharif,4.12,1008.3,24.8,55.5,7.8,152.6,42.8,87.0,207.8,2.01,"['Drip', 'Sprinkler', 'Flood']",5.8,No,12.69
27,Wheat,North,Silt,Rabi,24.7,50.0,15.5,65.7,7.4,98.3,31.7,78.9,119.6,5.19,"['Drip', 'Sprinkler', 'Flood']",7.4,No,4.33
28,Maize,West,Black,Rabi,6.36,412.9,15.1,60.8,5.9,92.9,87.2,90.0,165.4,1.72,"['Drip', 'Sprinkler', 'Flood']",8.4,No,7.78
29,Rice,East,Loam,Kharif,10.79,1064.2,25.0,68.4,7.5,73.6,58.8,81.5,120.2,3.33,"['Drip', 'Sprinkler', 'Flood']",8.3,No,12.06
30,Rice,East,Clay,Rabi,7.19,421.2,17.0,55.9,7.2,132.0,37.0,104.2,163.8,3.04,"['Drip', 'Sprinkler', 'Flood']",5.9,No,7.85
31,Maize,North,Silt,Kharif,11.81,1039.2,29.2,77.1,7.5,141.6,41.8,103.0,192.6,1.94,"['Drip', 'Sprinkler', 'Flood']",6.3,Yes,11.21
32,Rice,West,Loam,Rabi,23.77,141.5,21.3,56.9,5.7,146.1,75.9,67.1,194.1,4.96,"['Drip', 'Sprinkler', 'Flood']",8.1,No,5.74
33,Maize,North,Clay,Zaid,3.15,428.0,21.6,43.9,6.4,63.5,58.7,72.2,111.3,0.68,"['Drip', 'Sprinkler', 'Flood']",5.7,No,7.51
34,Wheat,Central,Loam,Kharif,11.0,735.8,24.7,83.6,6.2,147.2,37.4,120.1,211.8,2.92,"['Drip', 'Sprinkler', 'Flood']",7.7,No,9.92
35,Maize,Central,Sandy,Rabi,23.03,325.9,16.6,61.1,6.2,90.2,61.0,126.7,160.8,4.96,"['Drip', 'Sprinkler', 'Flood']",9.1,No,6.68
36,Rice,South,Silt,Kharif,20.05,781.7,23.6,92.4,7.3,119.4,62.1,88.0,172.6,4.45,"['Drip', 'Sprinkler', 'Flood']",5.3,No,10.88
37,Maize,East,Loam,Kharif,5.93,854.1,24.8,65.1,6.8,106.1,37.8,94.9,146.3,1.43,"['Drip', 'Sprinkler', 'Flood']",8.4,No,11.25
38,Wheat,East,Clay,Kharif,18.6,967.5,27.1,88.2,7.5,62.4,35.9,88.3,103.7,3.51,"['Drip', 'Sprinkler', 'Flood']",6.5,Yes,11.95
39,Wheat,North,Sandy,Rabi,3.59,418.1,17.6,64.1,6.6,96.6,51.1,84.7,164.4,1.49,"['Drip', 'Sprinkler', 'Flood']",8.8,No,7.27
40,Maize,North,Clay,Rabi,23.75,334.4,23.6,58.9,6.9,90.9,70.2,54.6,129.3,4.32,"['Drip', 'Sprinkler', 'Flood']",8.7,No,6.58
41,Rice,East,Loam,Rabi,18.63,396.9,20.1,58.6,5.7,155.6,62.7,87.0,215.0,3.98,"['Drip', 'Sprinkler', 'Flood']",8.0,No,8.2
42,Maize,East,Clay,Zaid,19.8,533.4,16.8,44.6,8.0,92.1,68.5,53.8,124.6,4.62,"['Drip', 'Sprinkler', 'Flood']",7.5,No,8.4
43,Maize,East,Sandy,Kharif,11.98,849.3,31.8,73.3,6.5,150.9,34.3,55.8,174.2,1.85,"['Drip', 'Sprinkler', 'Flood']",5.6,Yes,10.92
44,Maize,North,Sandy,Rabi,19.2,50.0,23.2,65.8,6.5,105.0,110.3,46.2,173.9,4.82,"['Drip', 'Sprinkler', 'Flood']",7.0,No,4.81
45,Wheat,North,Silt,Rabi,7.56,558.8,18.5,44.5,6.1,111.5,42.3,127.5,450.18,3.11,"['Drip', 'Sprinkler', 'Flood']",8.7,No,8.35
46,Wheat,South,Silt,Rabi,19.12,259.0,22.5,67.1,8.0,84.2,68.8,118.9,172.6,4.09,"['Drip', 'Sprinkler', 'Flood']",8.0,No,6.36
47,Maize,North,Loam,Rabi,3.38,387.0,16.9,52.5,6.0,90.8,81.3,31.7,135.5,1.27,"['Drip', 'Sprinkler', 'Flood']",9.3,No,6.32
48,Soybean,South,Silt,Kharif,19.8,884.0,28.0,75.7,7.4,137.2,43.2,58.5,154.9,3.86,"['Drip', 'Sprinkler', 'Flood']",6.1,No,11.21
49,Rice,Central,Clay,Zaid,6.35,81.0,26.3,47.6,6.6,131.6,72.6,69.9,196.8,2.26,"['Drip', 'Sprinkler', 'Flood']",6.9,Yes,5.57
50,Soybean,South,Loam,Rabi,11.29,282.9,16.6,53.2,7.4,89.2,71.7,92.7,160.7,3.63,"['Drip', 'Sprinkler', 'Flood']",7.2,No,6.64
51,Soybean,Central,Black,Kharif,8.26,850.6,21.4,76.9,5.4,115.1,37.0,46.9,154.2,2.11,"['Drip', 'Sprinkler', 'Flood']",7.0,Yes,10.05
52,Rice,West,Loam,Kharif,20.01,673.2,27.0,84.3,5.6,88.3,56.2,83.2,136.2,3.16,"['Drip', 'Sprinkler', 'Flood']",8.0,Yes,9.22
53,Soybean,North,Silt,Rabi,11.76,139.7,13.6,47.0,6.8,124.5,92.3,101.6,205.5,3.69,"['Drip', 'Sprinkler', 'Flood']",7.9,No,5.13
54,Soybean,Central,Loam,Kharif,14.51,934.1,16.8,60.8,6.1,156.3,57.0,76.0,209.8,3.55,"['Drip', 'Sprinkler', 'Flood']",7.0,No,11.75
55,Rice,Central,Sandy,Rabi,6.14,333.8,18.3,57.8,7.5,137.7,62.5,50.0,177.5,2.18,"['Drip', 'Sprinkler', 'Flood']",8.3,Yes,7.38
56,Rice,North,Sandy,Kharif,10.68,862.1,30.1,91.7,7.8,100.4,73.2,78.3,163.0,3.43,"['Drip', 'Sprinkler', 'Flood']",9.5,No,10.98
57,Soybean,Central,Silt,Zaid,3.95,591.0,19.3,50.5,8.1,51.0,64.8,62.0,103.5,1.67,"['Drip', 'Sprinkler', 'Flood']",6.8,No,7.76
58,Maize,Central,Sandy,Kharif,6.23,701.8,36.2,78.3,6.9,135.2,54.6,114.4,200.5,2.75,"['Drip', 'Sprinkler', 'Flood']",6.7,Yes,10.62
59,Soybean,South,Silt,Kharif,6.25,755.3,27.1,58.2,7.3,164.2,40.7,73.4,195.1,2.25,"['Drip', 'Sprinkler', 'Flood']",4.9,No,9.73
60,Rice,West,Clay,Kharif,23.79,664.3,29.1,71.4,7.3,53.7,48.6,67.3,105.8,3.95,"['Drip', 'Sprinkler', 'Flood']",8.4,No,9.7
61,Maize,East,Black,Zaid,1.74,74.7,31.4,56.6,,103.5,41.2,71.1,144.5,,"['Drip', 'Sprinkler', 'Flood']",6.3,No,4.42
62,Soybean,Central,Black,Kharif,4.78,831.4,27.5,73.1,5.2,124.6,49.3,74.5,171.0,0.82,"['Drip', 'Sprinkler', 'Flood']",6.9,No,10.16
63,Rice,West,Black,Rabi,11.57,336.9,26.4,51.9,7.2,65.9,53.1,107.2,157.2,3.43,"['Drip', 'Sprinkler', 'Flood']",8.7,No,7.3
64,Rice,Central,Sandy,Rabi,2.11,448.6,20.1,69.0,6.8,83.2,103.2,58.4,148.2,1.53,"['Drip', 'Sprinkler', 'Flood']",9.3,No,8.31
65,Maize,West,Clay,Kharif,22.26,659.1,31.9,62.0,6.1,144.0,55.6,94.2,206.8,4.29,"['Drip', 'Sprinkler', 'Flood']",6.6,Yes,10.27
66,Maize,South,Clay,Rabi,14.87,381.5,17.7,51.6,5.6,97.6,77.7,80.1,142.6,3.67,"['Drip', 'Sprinkler', 'Flood']",9.3,No,7.17
67,Maize,South,Silt,Kharif,3.15,981.0,24.8,76.0,7.6,87.4,82.9,35.2,138.8,1.76,"['Drip', 'Sprinkler', 'Flood']",5.7,Yes,12.5
68,Rice,North,Sandy,Zaid,9.1,178.4,21.9,60.1,,157.2,70.4,88.6,211.6,2.43,"['Drip', 'Sprinkler', 'Flood']",6.2,Yes,6.74
69,Rice,South,Black,Rabi,22.14,440.5,26.6,58.9,6.5,123.2,41.8,92.6,164.0,4.35,"['Drip', 'Sprinkler', 'Flood']",8.4,No,8.59
70,Maize,East,Sandy,Kharif,10.18,1045.0,27.6,74.3,6.1,123.3,67.9,79.4,183.8,1.54,"['Drip', 'Sprinkler', 'Flood']",7.0,No,12.54
71,Maize,East,Sandy,Kharif,21.61,928.2,28.2,92.5,6.9,96.3,38.9,66.0,129.1,3.28,"['Drip', 'Sprinkler', 'Flood']",7.2,No,11.63
72,Cotton,Central,Loam,Kharif,3.09,702.6,24.3,79.0,5.4,148.4,42.0,86.2,202.7,0.62,"['Drip', 'Sprinkler', 'Flood']",6.2,Yes,9.0
73,Cotton,South,Clay,Kharif,4.09,966.3,33.1,75.9,5.7,83.6,62.5,56.9,129.6,1.51,"['Drip', 'Sprinkler', 'Flood']",5.3,No,10.31
74,Maize,Central,Sandy,Kharif,2.17,816.0,24.8,78.0,6.0,147.9,66.2,71.9,203.1,0.44,"['Drip', 'Sprinkler', 'Flood']",7.2,No,11.04
75,Soybean,East,,Kharif,14.72,1135.7,26.1,95.0,6.9,134.0,67.7,105.2,176.4,3.11,"['Drip', 'Sprinkler', 'Flood']",7.0,No,14.01
76,Wheat,East,Loam,Kharif,11.23,536.3,23.5,79.5,5.7,105.8,68.8,64.7,159.4,2.88,"['Drip', 'Sprinkler', 'Flood']",7.4,Yes,7.83
77,Wheat,West,Sandy,Kharif,21.36,1098.7,26.8,77.4,7.2,128.4,71.2,71.4,173.1,3.46,"['Drip', 'Sprinkler', 'Flood']",5.8,No,13.6
78,Maize,South,Clay,Rabi,20.81,397.4,20.6,39.8,6.8,104.1,47.5,67.7,150.3,3.48,"['Drip', 'Sprinkler', 'Flood']",8.5,No,8.29
79,Wheat,North,Loam,Kharif,19.81,713.3,27.8,74.1,7.2,89.5,74.8,60.6,138.4,3.33,"['Drip', 'Sprinkler', 'Flood']",6.7,No,9.07
80,Maize,North,Sandy,Rabi,6.32,71.4,17.9,57.8,7.4,90.7,65.8,66.7,154.8,1.89,"['Drip', 'Sprinkler', 'Flood']",8.5,No,4.33
81,Soybean,East,Sandy,Rabi,12.82,222.2,22.2,59.2,7.8,152.4,76.3,87.4,197.3,3.35,"['Drip', 'Sprinkler', 'Flood']",9.7,No,6.4
82,Wheat,South,Black,Kharif,11.22,944.3,30.7,72.7,6.6,116.6,62.8,102.3,180.4,2.15,"['Drip', 'Sprinkler', 'Flood']",8.0,Yes,11.88
83,Soybean,Central,Sandy,Rabi,3.87,2380.86,28.3,53.2,7.3,107.1,58.5,80.7,163.3,2.25,"['Drip', 'Sprinkler', 'Flood']",8.4,No,5.78
84,Wheat,South,Sandy,Kharif,6.34,718.1,24.4,64.3,5.4,135.2,44.9,52.4,162.6,2.1,"['Drip', 'Sprinkler', 'Flood']",6.8,Yes,9.65
85,Rice,East,Clay,Rabi,2.6,355.4,20.8,43.3,8.2,115.2,45.9,73.4,144.8,2.35,"['Drip', 'Sprinkler', 'Flood']",8.3,No,7.97
86,Rice,West,Loam,Rabi,18.51,326.9,20.4,57.6,6.8,126.0,51.4,84.1,164.0,4.17,"['Drip', 'Sprinkler', 'Flood']",6.8,Yes,6.7
87,Cotton,East,Sandy,Kharif,19.88,998.4,25.7,71.3,7.6,143.4,56.0,80.9,185.5,4.71,"['Drip', 'Sprinkler', 'Flood']",6.3,Yes,11.59
88,Cotton,South,Silt,Rabi,22.42,200.6,12.8,72.6,6.7,63.2,60.5,44.3,103.1,4.82,"['Drip', 'Sprinkler', 'Flood']",9.2,No,4.81
89,Rice,South,Loam,Kharif,7.74,675.1,30.1,80.4,6.5,143.5,55.2,36.4,,2.44,"['Drip', 'Sprinkler', 'Flood']",6.3,No,10.62
90,Rice,East,Clay,Zaid,4.0,378.9,15.6,44.1,5.3,159.6,70.7,66.9,211.6,1.73,"['Drip', 'Sprinkler', 'Flood']",5.8,No,7.56
91,Rice,West,Black,Kharif,9.49,852.3,31.0,77.2,5.8,118.6,27.0,75.1,160.5,2.83,"['Drip', 'Sprinkler', 'Flood']",8.2,Yes,10.76
92,Soybean,South,Clay,Rabi,11.58,150.8,24.5,48.5,5.5,100.0,33.6,72.2,142.3,1.87,"['Drip', 'Sprinkler', 'Flood']",6.0,No,4.68
93,Maize,,Clay,Rabi,12.96,372.7,22.9,66.4,5.3,153.9,46.4,73.6,194.5,3.17,"['Drip', 'Sprinkler', 'Flood']",6.8,Yes,6.99
94,Maize,East,Silt,Rabi,2.31,852.2,26.6,52.5,6.5,110.2,47.5,105.1,155.3,,"['Drip', 'Sprinkler', 'Flood']",9.1,No,12.11
95,Soybean,North,Loam,Rabi,7.95,484.1,29.0,58.7,6.8,180.0,58.7,87.9,233.1,1.74,"['Drip', 'Sprinkler', 'Flood']",10.4,No,8.49
96,Maize,East,Black,Kharif,16.64,856.2,27.0,61.6,7.7,77.0,49.1,86.0,128.7,3.78,"['Drip', 'Sprinkler', 'Flood']",5.7,No,10.47
97,Rice,East,Silt,Rabi,13.87,220.1,18.4,55.6,6.4,165.3,38.1,88.8,207.9,3.01,"['Drip', 'Sprinkler', 'Flood']",8.9,No,7.25
98,Rice,Central,Sandy,Zaid,3.7,534.1,17.5,64.3,6.2,100.7,62.5,80.1,157.5,1.14,"['Drip', 'Sprinkler', 'Flood']",6.0,Yes,9.02
99,Soybean,North,Sandy,Zaid,18.17,332.6,23.2,66.2,7.8,119.3,53.5,80.1,159.2,3.21,"['Drip', 'Sprinkler', 'Flood']",7.7,No,7.0
100,Maize,Central,Silt,Kharif,0.7,936.7,29.7,78.4,6.0,103.1,71.4,86.2,163.7,1.23,"['Drip', 'Sprinkler', 'Flood']",6.5,No,12.0
101,Rice,East,Black,Rabi,3.41,448.3,20.4,57.5,8.0,98.1,60.3,66.7,135.8,0.6,"['Drip', 'Sprinkler', 'Flood']",7.9,Yes,7.66
102,Rice,East,Black,Kharif,23.32,1047.4,26.3,84.1,7.0,138.4,43.2,56.1,168.2,4.48,"['Drip', 'Sprinkler', 'Flood']",6.0,Yes,12.82
103,Rice,North,Silt,Rabi,20.02,264.6,15.0,66.2,8.1,124.7,65.3,46.1,152.1,4.17,"['Drip', 'Sprinkler', 'Flood']",7.3,Yes,6.24
104,Cotton,North,Clay,Kharif,23.73,748.8,28.6,76.2,6.1,142.2,78.7,50.8,195.0,5.4,"['Drip', 'Sprinkler', 'Flood']",8.1,Yes,9.32
105,Wheat,South,Sandy,Zaid,12.22,50.0,28.0,43.1,6.8,127.7,46.5,44.1,149.7,2.36,"['Drip', 'Sprinkler', 'Flood']",5.4,No,4.89
106,Rice,Central,Sandy,Rabi,17.77,267.9,19.3,44.2,6.6,65.8,47.0,77.1,107.1,3.81,"['Drip', 'Sprinkler', 'Flood']",6.0,No,5.88
107,Rice,West,Clay,Kharif,7.55,869.1,24.4,67.8,6.6,126.8,65.5,103.8,199.7,1.41,"['Drip', 'Sprinkler', 'Flood']",6.4,No,11.43
108,Maize,East,Clay,Kharif,10.63,842.0,27.6,70.5,7.5,151.6,60.6,98.4,202.6,3.46,"['Drip', 'Sprinkler', 'Flood']",7.8,Yes,11.18
109,Soybean,South,Loam,Zaid,2.69,134.1,18.8,51.1,7.9,62.1,74.1,116.9,147.8,2.4,"['Drip', 'Sprinkler', 'Flood']",9.0,No,3.8
110,Soybean,Central,Loam,Kharif,14.42,910.2,36.9,92.8,6.1,151.2,58.7,32.8,179.3,3.87,"['Drip', 'Sprinkler', 'Flood']",6.4,Yes,11.56
111,Wheat,East,Sandy,Rabi,0.85,234.7,23.9,52.0,7.0,105.4,50.2,64.4,139.3,0.93,"['Drip', 'Sprinkler', 'Flood']",8.4,Yes,6.4
112,Soybean,North,Silt,Kharif,18.97,880.4,31.3,72.6,7.4,156.3,61.6,77.5,,3.08,"['Drip', 'Sprinkler', 'Flood']",6.6,No,11.86
113,Soybean,West,Sandy,Rabi,16.15,433.7,19.6,59.6,6.6,181.7,16.8,96.7,201.9,4.25,"['Drip', 'Sprinkler', 'Flood']",9.1,No,8.32
114,Cotton,West,Black,Rabi,2.51,50.0,15.1,60.1,5.4,111.8,57.9,57.3,149.7,1.52,"['Drip', 'Sprinkler', 'Flood']",8.5,No,4.08
115,Wheat,South,Black,Rabi,22.52,252.2,21.5,62.0,6.9,139.1,39.1,69.2,171.8,3.89,"['Drip', 'Sprinkler', 'Flood']",8.2,Yes,6.43
116,Rice,West,Black,Zaid,23.4,357.2,29.5,64.8,5.3,84.0,73.9,85.5,124.7,4.8,"['Drip', 'Sprinkler', 'Flood']",4.2,No,7.65
117,Soybean,Central,Silt,Kharif,24.12,956.5,26.5,78.2,8.2,110.3,53.9,86.5,175.9,5.13,"['Drip', 'Sprinkler', 'Flood']",6.7,No,10.95
118,Rice,South,Clay,Kharif,8.98,955.1,26.5,95.0,7.4,154.6,77.8,50.2,204.7,3.11,"['Drip', 'Sprinkler', 'Flood']",7.7,Yes,12.58
119,Wheat,East,Loam,Kharif,1.58,726.7,29.9,75.5,5.6,76.8,70.9,79.4,145.4,,"['Drip', 'Sprinkler', 'Flood']",6.3,No,9.78
120,Soybean,Central,Black,Kharif,7.86,799.7,37.0,84.1,7.8,149.8,48.9,59.0,187.0,3.12,"['Drip', 'Sprinkler', 'Flood']",8.4,No,10.45
121,Rice,South,Clay,Kharif,5.01,791.8,27.3,78.0,5.6,168.8,55.0,81.6,204.9,1.81,"['Drip', 'Sprinkler', 'Flood']",7.5,No,11.34
122,Wheat,South,Sandy,Kharif,18.25,1034.2,29.2,82.4,7.2,79.4,41.6,92.8,142.0,4.19,"['Drip', 'Sprinkler', 'Flood']",5.9,No,11.93
123,Rice,Central,Loam,Kharif,5.16,886.7,21.4,75.6,7.3,64.6,55.7,60.7,110.7,1.34,"['Drip', 'Sprinkler', 'Flood']",7.9,No,10.85
124,Rice,Central,Silt,Kharif,24.54,796.4,20.5,78.6,7.9,102.2,71.3,66.9,152.2,3.97,"['Drip', 'Sprinkler', 'Flood']",6.8,No,11.68
125,Rice,North,Sandy,Kharif,14.46,905.1,33.1,83.5,7.5,112.1,36.0,82.3,151.2,3.63,"['Drip', 'Sprinkler', 'Flood']",5.9,No,11.95
126,Wheat,Central,Loam,Rabi,21.06,445.3,27.6,63.3,5.3,133.6,60.3,74.9,178.1,3.46,"['Drip', 'Sprinkler', 'Flood']",8.2,Yes,8.35
127,Maize,Central,Silt,Rabi,0.89,148.7,20.2,70.9,6.8,124.2,56.0,103.0,178.2,2.01,"['Drip', 'Sprinkler', 'Flood']",7.0,Yes,6.09
128,Wheat,East,Sandy,Rabi,7.05,209.9,17.9,60.8,6.4,50.2,41.9,84.6,111.9,2.75,"['Drip', 'Sprinkler', 'Flood']",6.9,No,4.55
129,Wheat,South,Black,Rabi,16.1,281.8,19.4,63.1,6.2,90.3,100.1,72.3,174.4,2.87,"['Drip', 'Sprinkler', 'Flood']",6.6,No,6.18
130,Rice,Central,Sandy,Rabi,14.31,118.6,30.0,59.7,6.1,152.3,55.2,80.4,184.2,2.94,"['Drip', 'Sprinkler', 'Flood']",8.5,Yes,5.96
131,Cotton,South,Black,Kharif,19.01,1185.8,37.2,73.1,8.1,90.9,75.2,87.1,158.1,4.39,"['Drip', 'Sprinkler', 'Flood']",6.2,No,12.25
132,Wheat,South,Silt,Rabi,9.22,456.3,25.0,51.2,7.2,114.4,54.6,53.7,142.0,2.81,"['Drip', 'Sprinkler', 'Flood']",8.5,No,7.91
133,Maize,West,Sandy,Kharif,2.74,1052.4,26.5,75.3,5.5,108.4,42.6,90.7,151.5,0.59,"['Drip', 'Sprinkler', 'Flood']",7.0,No,12.03
134,Soybean,North,Silt,Kharif,2.58,749.7,35.1,62.4,8.1,106.3,56.0,72.0,155.4,0.99,"['Drip', 'Sprinkler', 'Flood']",6.6,No,9.85
135,Rice,East,Loam,Kharif,23.63,868.1,23.4,66.8,5.6,101.5,75.0,80.9,165.5,5.27,"['Drip', 'Sprinkler', 'Flood']",6.2,No,10.68
136,Maize,East,Sandy,Kharif,23.71,1018.0,29.1,83.3,8.1,140.4,57.6,72.1,175.2,4.71,"['Drip', 'Sprinkler', 'Flood']",7.0,No,13.04
137,Rice,North,Black,Kharif,24.93,1009.2,34.2,90.9,8.0,126.8,66.7,114.6,194.8,5.44,"['Drip', 'Sprinkler', 'Flood']",6.7,No,12.71
138,Rice,South,Clay,Rabi,19.83,227.3,31.9,68.7,6.6,95.9,70.4,106.9,158.4,4.06,"['Drip', 'Sprinkler', 'Flood']",8.2,No,5.94
139,Rice,East,Loam,Kharif,6.58,853.8,25.9,65.2,7.1,99.1,36.3,38.4,115.7,1.2,"['Drip', 'Sprinkler', 'Flood']",8.6,Yes,11.12
140,Maize,West,,Kharif,10.08,1144.8,28.7,61.8,6.7,116.9,62.8,96.4,180.2,3.44,"['Drip', 'Sprinkler', 'Flood']",8.8,Yes,14.23
141,Rice,East,Clay,Rabi,9.03,496.3,24.7,51.4,5.3,122.7,59.2,75.9,168.3,2.95,"['Drip', 'Sprinkler', 'Flood']",8.4,No,8.49
142,Maize,South,Silt,Zaid,6.18,119.6,18.9,58.6,7.1,114.5,61.5,70.0,158.3,2.11,"['Drip', 'Sprinkler', 'Flood']",5.8,Yes,5.64
143,Cotton,Central,Loam,Rabi,20.09,160.7,20.1,56.6,7.2,131.6,21.1,83.4,159.3,3.8,"['Drip', 'Sprinkler', 'Flood']",8.9,Yes,4.6
144,Wheat,West,Sandy,Zaid,14.96,433.1,19.4,47.3,5.9,137.9,69.7,92.5,202.2,3.44,"['Drip', 'Sprinkler', 'Flood']",6.1,No,7.78
145,Rice,Central,Clay,Rabi,12.5,382.9,23.7,51.8,6.3,122.5,68.1,80.7,184.8,2.89,"['Drip', 'Sprinkler', 'Flood']",5.6,No,7.51
146,Cotton,East,Loam,Rabi,20.0,157.4,21.2,57.5,5.9,109.5,85.4,48.5,155.1,3.99,"['Drip', 'Sprinkler', 'Flood']",6.7,No,4.68
147,Rice,Central,Black,Rabi,1.52,263.5,16.1,59.6,7.7,119.3,60.1,63.2,171.4,0.93,"['Drip', 'Sprinkler', 'Flood']",8.0,No,5.44
148,Cotton,South,Black,Rabi,21.6,479.1,17.7,48.2,7.0,130.0,33.2,88.9,159.3,4.3,"['Drip', 'Sprinkler', 'Flood']",7.5,No,7.3
149,Rice,East,Black,Zaid,17.14,618.0,26.8,60.0,8.2,65.4,65.2,72.3,124.4,3.99,"['Drip', 'Sprinkler', 'Flood']",6.4,No,8.96
150,Rice,East,Sandy,Rabi,9.69,75.3,27.3,63.1,7.5,85.9,74.3,66.1,125.5,2.36,"['Drip', 'Sprinkler', 'Flood']",6.7,No,4.88
151,Cotton,North,Silt,Rabi,17.58,457.3,15.2,34.0,7.7,159.3,46.8,80.6,196.9,2.9,"['Drip', 'Sprinkler', 'Flood']",9.2,No,7.8
152,Cotton,North,Silt,Kharif,23.27,591.3,30.4,84.2,8.2,45.8,81.7,114.8,119.1,4.09,"['Drip', 'Sprinkler', 'Flood']",8.4,Yes,7.15
153,Rice,North,Clay,Kharif,15.83,862.2,21.4,71.1,5.5,124.7,61.4,87.8,170.0,3.26,"['Drip', 'Sprinkler', 'Flood']",6.3,Yes,11.38
154,Soybean,West,Silt,Kharif,9.89,963.3,27.8,70.4,6.1,130.0,54.5,84.9,164.9,1.75,"['Drip', 'Sprinkler', 'Flood']",7.6,No,11.87
155,Wheat,West,Silt,Kharif,5.72,896.3,19.0,66.9,5.9,102.0,66.6,73.4,163.7,1.56,"['Drip', 'Sprinkler', 'Flood']",8.1,No,11.35
156,Maize,South,Black,Rabi,15.39,190.6,22.1,39.9,7.7,108.5,49.3,56.3,143.7,3.8,"['Drip', 'Sprinkler', 'Flood']",7.9,No,5.8
157,Soybean,East,Loam,Kharif,16.13,1183.6,31.6,84.4,6.1,121.8,38.3,104.9,161.9,2.77,"['Drip', 'Sprinkler', 'Flood']",7.6,No,13.71
158,Maize,North,Clay,Kharif,1.98,895.4,29.2,63.5,7.1,94.1,59.9,77.5,142.5,1.37,"['Drip', 'Sprinkler', 'Flood']",6.4,No,11.05
159,Rice,South,Clay,Rabi,10.07,110.9,15.3,53.4,7.3,111.6,56.4,41.6,148.4,2.38,"['Drip', 'Sprinkler', 'Flood']",8.2,No,5.0
160,Maize,West,Loam,Kharif,3.86,818.5,32.7,75.8,6.2,73.8,57.0,78.9,134.2,2.08,"['Drip', 'Sprinkler', 'Flood']",8.1,Yes,10.0
161,Soybean,South,Silt,Kharif,2.06,853.9,22.9,84.8,6.3,132.8,40.6,80.1,167.7,0.51,"['Drip', 'Sprinkler', 'Flood']",7.6,No,10.92
162,Rice,North,Loam,Kharif,12.06,793.6,26.3,78.8,8.0,139.8,45.1,108.2,184.9,2.65,"['Drip', 'Sprinkler', 'Flood']",6.5,No,11.48
163,Rice,North,Sandy,Kharif,17.0,1000.8,28.9,71.9,6.4,119.2,81.5,52.0,169.9,2.72,"['Drip', 'Sprinkler', 'Flood']",6.1,No,12.34
164,Cotton,West,Clay,Rabi,15.0,391.4,14.1,55.7,5.8,154.3,45.2,80.1,194.3,3.07,"['Drip', 'Sprinkler', 'Flood']",8.1,No,7.35
165,Soybean,Central,Loam,Rabi,9.72,290.4,17.6,62.9,6.5,188.6,99.0,67.0,250.1,1.55,"['Drip', 'Sprinkler', 'Flood']",8.6,Yes,7.47
166,Soybean,East,Loam,Rabi,12.88,172.2,18.4,47.4,7.0,154.1,68.4,91.3,214.3,3.63,"['Drip', 'Sprinkler', 'Flood']",8.9,No,5.72
167,Rice,East,Clay,Kharif,5.47,937.2,22.8,78.4,6.6,132.4,44.5,93.7,184.3,1.44,"['Drip', 'Sprinkler', 'Flood']",6.8,No,12.35
168,Maize,Central,Black,Kharif,20.98,960.1,27.2,78.9,5.9,101.5,74.2,73.1,152.1,5.13,"['Drip', 'Sprinkler', 'Flood']",8.0,No,11.99
169,Maize,South,Silt,Kharif,19.95,938.7,29.0,76.4,5.8,102.6,41.5,97.8,155.3,4.16,"['Drip', 'Sprinkler', 'Flood']",6.8,No,12.89
170,Wheat,East,Clay,Kharif,21.26,1133.2,28.7,70.2,8.0,173.9,70.7,50.7,217.4,4.18,"['Drip', 'Sprinkler', 'Flood']",6.2,No,14.07
171,Soybean,South,Silt,Rabi,1.35,217.5,19.0,52.1,6.9,144.7,71.3,86.1,203.8,1.97,"['Drip', 'Sprinkler', 'Flood']",8.5,No,5.67
172,Cotton,Central,Sandy,Rabi,19.65,102.3,18.1,65.7,6.2,119.3,63.4,76.0,168.3,4.57,"['Drip', 'Sprinkler', 'Flood']",7.6,No,5.11
173,Rice,East,Clay,Zaid,2.95,234.8,18.4,64.0,5.4,69.0,70.6,79.7,137.4,1.15,"['Drip', 'Sprinkler', 'Flood']",5.5,No,6.05
174,Maize,Central,Sandy,Zaid,1.19,222.9,18.0,31.9,6.9,105.1,56.3,121.2,170.0,1.16,"['Drip', 'Sprinkler', 'Flood']",6.6,Yes,6.55
175,Wheat,South,Black,Rabi,8.63,95.1,16.2,51.6,7.6,133.2,63.6,74.8,189.0,1.58,"['Drip', 'Sprinkler', 'Flood']",9.3,Yes,4.82
176,Wheat,West,Silt,Rabi,8.75,276.5,16.2,79.5,7.4,87.1,68.3,62.6,138.1,2.73,"['Drip', 'Sprinkler', 'Flood']",6.1,No,5.81
177,Rice,West,Clay,Kharif,18.48,874.1,30.4,90.6,6.9,120.4,75.2,52.3,162.3,3.41,"['Drip', 'Sprinkler', 'Flood']",6.7,No,11.12
178,Wheat,East,Sandy,Rabi,6.33,162.0,23.4,54.3,7.9,153.3,72.5,53.2,182.7,1.84,"['Drip', 'Sprinkler', 'Flood']",7.9,Yes,6.16
179,Rice,North,Loam,Kharif,11.24,820.8,29.2,57.3,6.3,146.6,40.0,106.5,197.1,3.2,"['Drip', 'Sprinkler', 'Flood']",5.7,Yes,10.71
180,Wheat,North,Sandy,Zaid,2.32,381.0,22.9,63.5,7.4,68.9,50.7,102.4,134.2,1.58,"['Drip', 'Sprinkler', 'Flood']",6.8,No,6.85
181,Wheat,Central,Clay,Kharif,8.61,1051.9,27.3,53.5,6.8,101.0,53.3,65.8,150.4,2.39,"['Drip', 'Sprinkler', 'Flood']",7.6,No,12.48
182,Wheat,Central,Black,Rabi,2.88,304.4,22.5,68.7,8.1,107.8,61.2,84.9,152.8,2.22,"['Drip', 'Sprinkler', 'Flood']",7.9,No,7.15
183,Rice,South,Clay,Kharif,6.95,795.1,28.6,74.6,7.5,128.9,56.9,72.6,167.9,2.98,"['Drip', 'Sprinkler', 'Flood']",,No,10.28
184,Cotton,South,Black,Rabi,23.44,205.0,18.4,51.8,6.1,81.3,78.1,105.4,156.6,4.55,"['Drip', 'Sprinkler', 'Flood']",5.4,Yes,4.45
185,Soybean,South,Clay,Zaid,20.31,410.5,24.0,65.7,8.2,118.0,40.2,52.8,146.6,4.87,"['Drip', 'Sprinkler', 'Flood']",9.2,Yes,6.86
186,Rice,South,Silt,Zaid,0.8,397.6,19.4,42.3,7.5,130.8,65.5,55.8,168.6,2.05,"['Drip', 'Sprinkler', 'Flood']",7.4,No,7.93
187,Cotton,Central,Sandy,Rabi,6.97,189.9,16.7,48.9,6.4,122.6,43.3,59.6,149.3,2.8,"['Drip', 'Sprinkler', 'Flood']",8.6,No,5.45
188,Rice,South,Sandy,Rabi,7.92,351.9,20.1,66.4,7.3,161.1,77.5,115.9,246.3,2.07,"['Drip', 'Sprinkler', 'Flood']",8.4,No,7.72
189,Maize,North,Clay,Zaid,10.48,120.0,21.5,52.6,7.6,126.1,81.6,92.6,179.9,2.62,"['Drip', 'Sprinkler', 'Flood']",8.0,No,5.9
190,Wheat,North,Loam,Rabi,22.99,571.5,20.1,47.3,7.7,84.5,59.3,83.5,140.5,4.19,"['Drip', 'Sprinkler', 'Flood']",7.5,No,8.35
191,Maize,South,Clay,Rabi,6.84,2380.86,19.5,58.1,7.8,121.4,61.9,66.4,167.8,1.44,"['Drip', 'Sprinkler', 'Flood']",8.7,No,6.22
192,Soybean,West,Silt,Zaid,16.36,275.0,20.6,54.2,6.0,127.2,48.0,108.1,179.4,3.3,"['Drip', 'Sprinkler', 'Flood']",6.3,No,6.62
193,Rice,West,Black,Kharif,3.01,679.5,27.6,80.4,7.1,99.8,50.2,69.3,145.0,2.43,"['Drip', 'Sprinkler', 'Flood']",7.2,No,9.95
194,Maize,Central,Sandy,Kharif,13.17,810.8,28.1,78.4,7.8,129.4,45.8,75.4,173.5,2.03,"['Drip', 'Sprinkler', 'Flood']",6.2,No,10.86
195,Rice,West,Black,Rabi,14.52,389.0,27.0,57.1,7.6,150.5,78.6,63.5,184.7,3.86,"['Drip', 'Sprinkler', 'Flood']",7.9,No,8.1
196,Wheat,South,Black,Rabi,4.99,361.7,19.5,46.8,5.5,94.6,79.5,67.6,165.2,1.41,"['Drip', 'Sprinkler', 'Flood']",7.9,No,7.26
197,Rice,Central,Black,Rabi,15.71,202.8,21.5,66.0,6.8,145.8,34.1,101.0,203.3,3.04,"['Drip', 'Sprinkler', 'Flood']",10.5,No,7.4
198,Wheat,Central,Clay,Rabi,12.45,50.0,19.3,50.4,7.1,140.0,60.4,80.9,183.6,3.4,"['Drip', 'Sprinkler', 'Flood']",6.3,Yes,4.92
199,Maize,East,Silt,Kharif,12.2,1085.2,28.1,72.0,7.9,59.2,60.8,55.4,106.6,3.3,"['Drip', 'Sprinkler', 'Flood']",7.0,Yes,12.6
200,Wheat,East,Sandy,Kharif,20.68,809.4,27.0,82.9,7.4,101.3,52.2,130.1,152.4,3.79,"['Drip', 'Sprinkler', 'Flood']",7.8,Yes,10.47
201,Soybean,Central,Silt,Kharif,6.0,1002.9,27.7,86.7,5.6,124.1,53.6,45.6,148.6,2.44,"['Drip', 'Sprinkler', 'Flood']",8.0,No,11.89
202,Wheat,Central,Loam,Rabi,10.71,273.8,17.3,63.6,6.6,142.0,79.0,68.4,189.7,2.93,"['Drip', 'Sprinkler', 'Flood']",7.6,No,6.47
203,Wheat,Central,Loam,Rabi,15.63,246.4,27.9,41.3,7.5,120.5,79.8,33.1,156.4,2.67,"['Drip', 'Sprinkler', 'Flood']",8.8,No,6.73
204,Rice,South,Loam,Rabi,22.72,177.7,24.0,42.2,5.6,145.3,69.6,78.5,193.3,3.92,"['Drip', 'Sprinkler', 'Flood']",8.4,No,7.46
205,Rice,North,Clay,Rabi,21.38,156.1,25.6,50.6,7.8,125.6,61.6,78.2,182.6,3.86,"['Drip', 'Sprinkler', 'Flood']",9.1,No,6.2
206,Maize,South,Sandy,Kharif,10.32,867.0,31.1,73.1,6.4,146.5,38.3,58.8,163.0,1.77,"['Drip', 'Sprinkler', 'Flood']",6.9,No,11.3
207,Wheat,South,Black,Rabi,14.44,109.2,23.1,57.5,7.8,86.2,77.6,57.9,146.7,3.14,"['Drip', 'Sprinkler', 'Flood']",7.3,No,4.66
208,Maize,North,Black,Rabi,14.63,319.8,10.9,44.0,7.2,104.0,75.5,77.3,158.8,3.52,"['Drip', 'Sprinkler', 'Flood']",8.0,No,7.22
209,Rice,Central,Black,Rabi,15.52,649.2,21.7,43.8,6.7,119.0,72.7,108.8,183.9,2.88,"['Drip', 'Sprinkler', 'Flood']",8.8,No,9.56
210,Cotton,North,Silt,Rabi,11.48,254.3,23.7,46.5,5.6,83.6,60.4,96.5,149.0,2.84,"['Drip', 'Sprinkler', 'Flood']",8.4,No,5.28
211,Maize,South,Black,Rabi,16.54,168.2,22.0,63.4,7.7,79.0,47.4,109.7,128.4,3.21,"['Drip', 'Sprinkler', 'Flood']",7.1,No,5.82
212,Wheat,South,Sandy,Rabi,9.66,426.4,27.7,68.2,6.7,138.0,37.8,67.1,173.2,1.84,"['Drip', 'Sprinkler', 'Flood']",9.4,Yes,8.32
213,Cotton,North,Sandy,Kharif,10.65,1156.1,24.6,60.4,6.6,97.2,39.6,38.0,128.7,2.66,"['Drip', 'Sprinkler', 'Flood']",7.9,Yes,13.11
214,Rice,East,Clay,Rabi,4.75,186.7,21.7,50.7,7.2,102.7,51.8,95.3,150.8,1.93,"['Drip', 'Sprinkler', 'Flood']",7.7,No,5.64
215,Rice,South,Clay,Kharif,15.26,1035.9,24.9,82.0,6.1,93.7,58.4,54.7,136.6,3.72,"['Drip', 'Sprinkler', 'Flood']",7.7,No,12.71
216,Maize,Central,Clay,Rabi,17.51,262.0,20.1,59.4,6.3,87.7,62.4,69.7,130.8,4.12,"['Drip', 'Sprinkler', 'Flood']",8.4,No,5.87
217,Cotton,East,Loam,Kharif,1.8,1010.8,29.1,81.3,7.3,50.1,63.3,85.7,112.2,1.35,"['Drip', 'Sprinkler', 'Flood']",6.3,No,10.46
218,Maize,East,Clay,Rabi,14.25,360.9,21.5,72.5,7.6,111.3,81.6,97.7,176.5,4.05,"['Drip', 'Sprinkler', 'Flood']",8.9,No,7.28
219,Wheat,South,Black,Rabi,21.58,199.5,22.0,44.5,6.3,90.7,39.1,62.7,130.5,3.62,"['Drip', 'Sprinkler', 'Flood']",9.5,No,5.64
220,Soybean,West,Loam,Kharif,11.0,893.9,26.0,73.2,7.0,119.3,73.4,77.1,170.4,1.96,"['Drip', 'Sprinkler', 'Flood']",6.9,No,11.39
221,Maize,West,Silt,Rabi,13.98,511.0,23.8,30.2,6.8,110.0,62.0,68.5,149.6,2.8,"['Drip', 'Sprinkler', 'Flood']",7.7,No,8.17
222,Rice,Central,Black,Rabi,24.92,184.9,26.0,29.8,5.2,106.8,45.8,102.8,153.8,4.98,"['Drip', 'Sprinkler', 'Flood']",9.5,No,5.75
223,Soybean,Central,Silt,Kharif,18.24,1078.8,28.7,76.5,6.7,90.2,47.5,81.4,133.4,2.9,"['Drip', 'Sprinkler', 'Flood']",6.3,Yes,13.04
224,Rice,East,Clay,Rabi,19.45,254.2,23.8,47.1,5.5,82.1,54.5,114.2,144.8,4.21,"['Drip', 'Sprinkler', 'Flood']",9.5,Yes,6.06
225,Rice,South,Loam,Kharif,4.86,899.3,29.5,84.6,6.4,70.5,45.4,86.2,117.4,0.97,"['Drip', 'Sprinkler', 'Flood']",7.9,Yes,11.23
226,Maize,North,Loam,Kharif,12.82,846.7,26.5,89.7,7.0,108.8,93.6,52.7,175.8,1.98,"['Drip', 'Sprinkler', 'Flood']",7.4,No,11.34
227,Cotton,Central,Sandy,Zaid,4.03,153.4,13.0,59.5,6.3,81.2,78.1,72.1,137.1,0.61,"['Drip', 'Sprinkler', 'Flood']",6.8,No,3.52
228,Rice,West,Sandy,Kharif,22.69,815.9,29.3,70.5,5.8,105.8,52.3,102.4,170.2,4.54,"['Drip', 'Sprinkler', 'Flood']",8.6,No,11.22
229,Rice,East,Loam,Kharif,2.15,1096.7,31.7,66.1,5.6,121.8,56.1,72.4,154.1,0.96,"['Drip', 'Sprinkler', 'Flood']",5.5,No,13.02
230,Maize,East,Sandy,Rabi,23.99,214.5,22.7,62.6,7.6,111.6,39.1,76.9,158.2,4.96,"['Drip', 'Sprinkler', 'Flood']",7.4,No,6.31
231,Cotton,East,Loam,Kharif,15.36,1061.8,21.4,82.9,6.0,144.0,64.5,74.8,193.1,3.32,"['Drip', 'Sprinkler', 'Flood']",7.1,Yes,11.95
232,Maize,Central,Black,Kharif,22.4,824.8,22.4,71.4,5.6,78.9,79.8,46.6,121.1,3.63,"['Drip', 'Sprinkler', 'Flood']",6.6,No,10.5
233,Wheat,South,Black,Rabi,19.05,356.2,22.8,43.2,7.8,106.9,74.8,105.8,450.18,4.38,"['Drip', 'Sprinkler', 'Flood']",7.9,Yes,7.1
234,Maize,East,Sandy,Kharif,22.99,1009.1,28.8,73.1,7.1,172.4,83.8,69.3,220.0,4.93,"['Drip', 'Sprinkler', 'Flood']",5.9,No,12.78
235,Rice,East,Loam,Rabi,9.72,451.0,18.3,42.9,6.7,160.1,39.7,83.1,192.8,1.79,"['Drip', 'Sprinkler', 'Flood']",8.0,Yes,8.37
236,Wheat,South,Loam,Rabi,10.66,218.9,20.1,59.3,7.2,86.9,62.6,67.6,130.0,2.09,"['Drip', 'Sprinkler', 'Flood']",8.9,Yes,6.09
237,Rice,Central,Clay,Kharif,6.83,1060.9,37.1,64.6,5.3,101.2,55.8,51.1,138.7,1.92,"['Drip', 'Sprinkler', 'Flood']",7.4,No,12.88
238,Cotton,East,Black,Rabi,4.96,232.1,19.3,48.4,7.4,104.9,73.8,67.8,155.3,1.51,"['Drip', 'Sprinkler', 'Flood']",8.5,No,5.49
239,Rice,South,Clay,Rabi,4.85,465.4,17.9,63.9,7.5,98.6,78.3,96.2,174.5,0.73,"['Drip', 'Sprinkler', 'Flood']",7.3,No,8.02
240,Rice,Central,Black,Kharif,23.49,756.4,21.2,76.9,6.3,138.4,29.2,93.6,167.6,4.37,"['Drip', 'Sprinkler', 'Flood']",7.0,No,11.41
241,Wheat,East,Black,Kharif,5.13,832.8,21.2,70.6,5.2,114.1,47.1,54.8,145.1,1.08,"['Drip', 'Sprinkler', 'Flood']",7.9,No,10.68
242,Rice,South,Sandy,Zaid,10.24,594.7,22.5,67.1,6.9,133.9,77.3,20.5,169.8,2.69,"['Drip', 'Sprinkler', 'Flood']",7.2,Yes,8.98
243,Soybean,North,Clay,Kharif,17.63,954.8,30.4,67.6,6.9,133.3,52.3,50.4,177.3,2.66,"['Drip', 'Sprinkler', 'Flood']",9.2,Yes,12.33
244,Rice,North,Clay,Kharif,15.42,1170.8,26.5,52.2,6.4,108.6,49.8,86.7,156.7,3.86,"['Drip', 'Sprinkler', 'Flood']",7.5,Yes,14.24
245,Soybean,Central,Black,Kharif,1.32,753.5,25.2,75.7,5.3,135.1,60.0,80.5,198.7,1.76,"['Drip', 'Sprinkler', 'Flood']",9.8,No,9.82
246,Rice,West,Loam,Zaid,13.97,422.0,20.2,42.3,6.9,93.6,82.6,87.6,180.9,3.01,"['Drip', 'Sprinkler', 'Flood']",6.9,Yes,7.83
247,Rice,,Black,Kharif,23.7,1022.7,18.5,88.0,6.9,87.8,46.6,31.1,102.2,5.07,"['Drip', 'Sprinkler', 'Flood']",6.3,No,11.8
248,Maize,North,Loam,Kharif,9.88,942.6,28.7,68.2,7.3,128.0,45.3,65.1,171.8,2.88,"['Drip', 'Sprinkler', 'Flood']",6.9,No,12.22
249,Maize,South,Black,Zaid,12.18,107.4,27.7,52.1,7.2,180.2,74.9,67.4,230.6,3.57,"['Drip', 'Sprinkler', 'Flood']",8.5,Yes,5.97
250,Maize,North,Loam,Kharif,2.42,1008.7,32.5,71.8,5.2,159.2,30.5,91.1,188.7,0.99,"['Drip', 'Sprinkler', 'Flood']",8.7,No,12.22
251,Rice,North,Black,Kharif,5.94,855.6,27.4,78.5,6.8,92.8,45.0,79.7,136.0,2.84,"['Drip', 'Sprinkler', 'Flood']",6.4,No,10.5
252,Wheat,South,Black,Kharif,9.36,956.9,29.7,70.1,6.0,112.3,97.6,73.0,183.3,2.25,"['Drip', 'Sprinkler', 'Flood']",5.5,No,12.28
253,Rice,East,Black,Kharif,14.61,909.2,29.8,74.1,6.5,138.2,53.8,87.6,190.7,3.8,"['Drip', 'Sprinkler', 'Flood']",6.9,Yes,10.72
254,Cotton,East,Sandy,Rabi,7.85,301.2,16.2,50.1,6.4,116.8,55.1,88.9,159.8,2.44,"['Drip', 'Sprinkler', 'Flood']",7.1,No,6.08
255,Maize,Central,Sandy,Kharif,10.59,765.7,32.9,64.7,7.1,99.8,19.4,66.7,124.7,2.61,"['Drip', 'Sprinkler', 'Flood']",7.9,No,9.96
256,Maize,East,Clay,Rabi,16.19,319.8,24.8,50.5,7.0,75.0,78.4,96.1,148.6,3.06,"['Drip', 'Sprinkler', 'Flood']",7.1,No,6.1
257,Rice,Central,Sandy,Rabi,13.26,213.6,21.7,58.1,5.9,109.8,59.7,113.0,173.8,2.78,"['Drip', 'Sprinkler', 'Flood']",7.3,Yes,6.69
258,Wheat,West,Black,Rabi,2.54,234.3,20.8,60.8,7.2,136.2,51.5,80.3,187.0,1.63,"['Drip', 'Sprinkler', 'Flood']",9.3,Yes,6.88
259,Maize,Central,Sandy,Rabi,11.95,541.4,14.2,49.9,8.0,116.0,40.6,73.5,141.2,3.55,"['Drip', 'Sprinkler', 'Flood']",8.4,No,8.24
260,Soybean,East,Clay,Rabi,11.33,157.4,18.9,60.8,6.1,166.0,60.0,90.6,209.6,2.64,"['Drip', 'Sprinkler', 'Flood']",10.3,No,5.92
261,Rice,North,Silt,Rabi,15.13,354.8,16.2,62.8,6.5,167.9,60.0,111.7,216.7,2.71,"['Drip', 'Sprinkler', 'Flood']",6.5,Yes,7.65
262,Cotton,East,Sandy,Kharif,18.7,771.9,29.5,65.4,7.8,128.5,71.3,61.9,167.7,3.35,"['Drip', 'Sprinkler', 'Flood']",6.5,Yes,9.62
263,Wheat,East,Clay,Zaid,7.41,413.9,24.0,59.3,5.2,120.6,63.2,100.4,182.4,1.85,"['Drip', 'Sprinkler', 'Flood']",5.9,No,7.74
264,Cotton,North,Sandy,Rabi,2.25,312.2,18.4,56.2,7.7,139.2,34.3,104.6,193.8,0.84,"['Drip', 'Sprinkler', 'Flood']",8.1,No,5.81
265,Wheat,East,Loam,Rabi,24.56,76.4,22.0,51.6,7.1,140.4,94.1,92.3,204.3,4.96,"['Drip', 'Sprinkler', 'Flood']",7.9,Yes,5.89
266,Wheat,North,Silt,Kharif,4.6,705.6,27.7,80.0,7.6,127.3,60.2,84.7,169.7,1.88,"['Drip', 'Sprinkler', 'Flood']",6.7,Yes,10.12
267,Wheat,East,Loam,Kharif,16.29,820.0,21.2,80.1,8.1,132.9,66.1,47.4,174.5,2.83,"['Drip', 'Sprinkler', 'Flood']",6.0,No,10.7
268,Soybean,East,Silt,Rabi,13.8,362.8,15.8,55.8,6.8,107.4,75.1,98.2,165.5,3.79,"['Drip', 'Sprinkler', 'Flood']",8.7,No,7.42
269,Cotton,,Silt,Kharif,16.13,830.3,29.8,94.6,7.5,125.8,61.7,111.9,183.4,3.19,"['Drip', 'Sprinkler', 'Flood']",6.0,No,9.85
270,Maize,South,Sandy,Kharif,13.32,902.9,34.9,82.7,5.6,131.8,52.8,70.9,173.7,3.14,"['Drip', 'Sprinkler', 'Flood']",7.8,No,11.14
271,Maize,South,Sandy,Kharif,18.09,1236.9,28.7,62.2,7.7,72.4,39.0,85.7,110.4,4.49,"['Drip', 'Sprinkler', 'Flood']",8.3,No,13.77
272,Maize,East,Loam,Rabi,2.41,250.0,22.0,66.8,5.5,122.9,74.7,90.2,195.0,1.5,"['Drip', 'Sprinkler', 'Flood']",9.2,No,6.32
273,Maize,West,Black,Kharif,11.74,742.3,20.9,78.1,6.4,133.7,55.4,90.0,192.7,2.47,"['Drip', 'Sprinkler', 'Flood']",7.0,No,10.82
274,Rice,West,Silt,Rabi,8.42,292.9,21.3,67.5,6.3,80.7,52.3,66.0,132.0,3.18,"['Drip', 'Sprinkler', 'Flood']",8.3,No,6.47
275,Wheat,North,Sandy,Kharif,24.62,928.6,31.4,78.2,7.7,60.6,75.7,68.4,110.4,3.88,"['Drip', 'Sprinkler', 'Flood']",6.4,No,11.29
276,Soybean,South,Sandy,Rabi,2.75,397.8,13.8,68.2,7.4,112.7,33.7,97.4,170.5,1.79,"['Drip', 'Sprinkler', 'Flood']",6.1,No,6.71
277,Rice,West,Black,Kharif,19.61,1019.4,26.3,82.8,8.0,101.7,78.7,103.6,172.1,4.8,"['Drip', 'Sprinkler', 'Flood']",5.1,No,12.54
278,Rice,South,Black,Kharif,12.81,863.1,28.2,78.2,7.4,98.8,70.2,60.4,142.8,2.37,"['Drip', 'Sprinkler', 'Flood']",6.8,Yes,11.63
279,Wheat,East,Loam,Rabi,6.93,171.3,23.5,49.5,6.6,79.9,64.8,99.0,134.7,3.03,"['Drip', 'Sprinkler', 'Flood']",7.4,No,5.35
280,Rice,West,Black,Kharif,16.96,1017.9,24.7,79.3,6.2,115.4,58.2,60.0,179.3,3.78,"['Drip', 'Sprinkler', 'Flood']",8.1,Yes,12.59
281,Wheat,Central,Clay,Rabi,4.32,291.4,19.3,54.5,7.1,101.4,77.0,110.3,172.1,2.26,"['Drip', 'Sprinkler', 'Flood']",8.9,No,6.26
282,Maize,South,Black,Rabi,6.84,324.3,14.6,56.7,5.6,118.5,57.3,54.4,151.1,1.11,"['Drip', 'Sprinkler', 'Flood']",8.4,No,7.14
283,Maize,North,Loam,Kharif,16.68,727.7,20.5,71.9,6.1,129.2,71.0,66.8,188.0,3.92,"['Drip', 'Sprinkler', 'Flood']",6.8,No,9.75
284,Wheat,North,Silt,Rabi,17.96,319.5,29.8,60.6,6.1,78.8,61.6,110.2,147.2,3.4,"['Drip', 'Sprinkler', 'Flood']",6.9,No,7.77
285,Rice,North,Sandy,Rabi,22.31,314.5,20.1,47.4,5.7,113.1,77.5,62.4,172.2,5.27,"['Drip', 'Sprinkler', 'Flood']",8.5,No,6.83
286,Wheat,North,Sandy,Zaid,8.57,223.6,18.4,53.2,5.6,76.6,53.1,91.2,126.8,2.7,"['Drip', 'Sprinkler', 'Flood']",6.5,No,5.56
287,Soybean,North,Black,Zaid,8.28,50.0,17.6,61.4,7.8,134.8,56.3,46.3,174.0,2.06,"['Drip', 'Sprinkler', 'Flood']",6.3,No,5.25
288,Soybean,South,Clay,Kharif,5.03,771.5,28.4,61.3,6.0,103.5,55.6,83.4,166.4,1.47,"['Drip', 'Sprinkler', 'Flood']",6.6,No,9.64
289,Maize,West,Sandy,Kharif,9.99,811.5,28.4,76.5,8.1,145.3,92.8,57.9,202.4,1.9,"['Drip', 'Sprinkler', 'Flood']",8.5,Yes,11.61
290,Rice,East,Sandy,Rabi,22.25,634.7,14.8,62.6,7.0,138.0,38.6,42.8,172.3,4.48,"['Drip', 'Sprinkler', 'Flood']",6.6,No,9.51
291,Wheat,North,Silt,Rabi,1.54,481.3,20.9,42.1,6.9,144.9,38.9,77.1,187.0,1.03,"['Drip', 'Sprinkler', 'Flood']",8.3,No,8.52
292,Rice,East,Loam,Rabi,22.64,152.6,15.4,58.3,5.5,104.3,60.0,43.6,132.6,4.49,"['Drip', 'Sprinkler', 'Flood']",7.3,Yes,5.71
293,Rice,Central,Clay,Rabi,2.71,202.6,26.2,53.6,7.4,105.5,79.7,97.0,171.3,1.82,"['Drip', 'Sprinkler', 'Flood']",7.7,No,6.73
294,Wheat,East,Loam,Rabi,22.85,268.0,15.6,49.1,5.7,130.7,53.1,75.1,166.1,4.05,"['Drip', 'Sprinkler', 'Flood']",8.1,No,6.04
295,Wheat,North,Clay,Kharif,19.25,1075.5,28.4,56.8,7.0,120.4,49.5,80.6,160.6,3.77,"['Drip', 'Sprinkler', 'Flood']",6.1,No,13.66
296,Rice,East,Clay,Kharif,4.13,912.8,27.4,72.8,7.8,96.2,35.2,66.5,148.0,0.72,"['Drip', 'Sprinkler', 'Flood']",6.5,No,11.6
297,Maize,West,Black,Rabi,14.27,544.0,19.6,53.3,7.5,125.2,45.9,118.3,188.7,3.83,"['Drip', 'Sprinkler', 'Flood']",6.5,Yes,8.62
298,Soybean,South,Silt,Rabi,17.55,314.0,19.5,51.9,7.4,69.1,27.9,49.6,97.3,4.5,"['Drip', 'Sprinkler', 'Flood']",8.8,No,5.86
299,Rice,East,Black,Kharif,3.68,732.2,26.1,67.1,5.7,98.5,41.8,60.1,134.1,0.6,"['Drip', 'Sprinkler', 'Flood']",7.0,No,10.63
300,Cotton,Central,Silt,Kharif,9.07,1096.6,29.0,68.5,7.1,112.9,49.3,95.4,167.3,2.46,"['Drip', 'Sprinkler', 'Flood']",7.1,No,12.09
301,Rice,East,Loam,Rabi,5.25,470.4,13.2,43.8,5.3,123.7,65.7,88.8,164.2,2.58,"['Drip', 'Sprinkler', 'Flood']",8.5,No,8.75
302,Wheat,East,Black,Rabi,8.23,50.0,18.3,53.5,7.3,136.0,30.1,48.0,173.5,1.8,"['Drip', 'Sprinkler', 'Flood']",10.8,No,4.9
303,Cotton,East,Silt,Kharif,3.36,926.0,24.6,84.9,6.0,89.4,86.3,101.2,153.6,1.11,"['Drip', 'Sprinkler', 'Flood']",8.4,No,11.03
304,Wheat,South,Loam,Kharif,1.11,1029.4,23.3,76.3,5.8,156.0,48.8,45.8,181.1,0.45,"['Drip', 'Sprinkler', 'Flood']",8.3,No,12.19
305,Maize,North,Loam,Rabi,17.99,286.5,20.9,68.9,7.0,104.3,74.4,91.7,177.0,4.02,"['Drip', 'Sprinkler', 'Flood']",8.3,No,6.33
306,Soybean,South,Clay,Kharif,13.54,839.2,28.9,60.2,6.0,126.8,66.2,104.7,186.4,2.24,"['Drip', 'Sprinkler', 'Flood']",5.8,No,10.79
307,Soybean,Central,Black,Kharif,2.25,796.7,25.6,70.0,6.6,124.6,56.8,71.6,177.1,0.7,"['Drip', 'Sprinkler', 'Flood']",7.3,No,9.83
308,Maize,East,Sandy,Kharif,5.35,743.0,28.4,56.8,5.4,157.6,48.1,72.0,193.2,2.41,"['Drip', 'Sprinkler', 'Flood']",6.9,No,10.4
309,Maize,West,Silt,Kharif,5.98,1033.6,23.8,83.5,7.3,107.0,46.6,49.6,145.9,0.96,"['Drip', 'Sprinkler', 'Flood']",6.3,No,12.1
310,Wheat,West,Black,Rabi,12.94,434.1,15.7,63.8,5.5,111.0,58.0,72.8,166.5,3.12,"['Drip', 'Sprinkler', 'Flood']",8.1,Yes,7.9
311,Rice,North,Clay,Rabi,14.98,334.3,16.8,57.9,5.9,89.5,56.8,73.1,147.7,3.22,"['Drip', 'Sprinkler', 'Flood']",7.5,No,6.41
312,Cotton,North,Silt,Kharif,3.16,944.1,30.7,59.2,6.3,83.3,60.8,111.1,157.7,2.25,"['Drip', 'Sprinkler', 'Flood']",8.2,Yes,10.55
313,Wheat,North,Black,Kharif,15.58,803.8,28.9,81.1,7.6,105.3,45.6,39.5,145.1,4.17,"['Drip', 'Sprinkler', 'Flood']",6.4,No,9.88
314,Rice,Central,Sandy,Kharif,22.58,797.5,28.2,74.9,6.9,131.9,59.0,79.0,181.8,4.25,"['Drip', 'Sprinkler', 'Flood']",5.8,No,10.76
315,Rice,South,Clay,Rabi,12.13,355.9,24.6,72.0,5.7,98.1,82.3,79.5,163.3,1.85,"['Drip', 'Sprinkler', 'Flood']",8.3,No,6.86
316,Soybean,North,Silt,Rabi,22.39,313.4,17.9,33.3,7.1,94.8,64.5,88.4,145.8,3.81,"['Drip', 'Sprinkler', 'Flood']",7.9,No,6.42
317,Maize,West,Sandy,Kharif,13.88,621.7,36.2,60.8,5.5,103.8,37.2,83.5,153.5,4.05,"['Drip', 'Sprinkler', 'Flood']",8.3,No,9.17
318,Wheat,Central,Loam,Kharif,15.95,735.0,24.9,62.3,7.3,88.1,55.2,47.2,114.5,3.46,"['Drip', 'Sprinkler', 'Flood']",8.1,No,9.77
319,Maize,South,Sandy,Zaid,20.06,290.2,22.0,69.7,7.4,100.6,55.1,77.2,144.2,3.11,"['Drip', 'Sprinkler', 'Flood']",7.1,No,6.68
320,Rice,North,Black,Kharif,19.7,704.3,27.9,88.8,6.0,118.2,84.6,45.1,156.1,4.43,"['Drip', 'Sprinkler', 'Flood']",6.5,Yes,9.85
321,Cotton,South,Clay,Rabi,21.62,265.3,22.4,69.3,5.7,166.1,12.3,81.6,189.0,4.12,"['Drip', 'Sprinkler', 'Flood']",7.3,No,6.11
322,Rice,East,Loam,Kharif,11.87,1136.9,23.5,76.7,8.0,136.1,54.9,71.9,171.4,2.31,"['Drip', 'Sprinkler', 'Flood']",6.0,No,13.66
323,Cotton,South,Sandy,Zaid,17.23,624.2,23.3,38.7,6.5,72.5,85.8,60.5,,2.78,"['Drip', 'Sprinkler', 'Flood']",7.7,No,7.62
324,Maize,West,Black,Rabi,13.24,463.2,15.5,26.6,6.1,123.3,60.1,98.7,183.9,3.04,"['Drip', 'Sprinkler', 'Flood']",7.6,No,7.83
325,Rice,North,Black,Kharif,23.49,742.2,21.7,88.6,7.3,109.1,81.5,107.0,189.8,5.32,"['Drip', 'Sprinkler', 'Flood']",8.1,No,11.42
326,Maize,South,Silt,Rabi,2.35,234.6,8.5,64.4,7.5,106.8,39.2,81.9,142.4,1.91,"['Drip', 'Sprinkler', 'Flood']",7.9,No,6.19
327,Soybean,South,Sandy,Kharif,2.2,999.6,27.7,63.8,5.5,142.5,44.6,74.6,177.5,1.21,"['Drip', 'Sprinkler', 'Flood']",6.7,No,12.32
328,Maize,West,Loam,Rabi,4.15,312.5,15.1,37.1,7.2,116.0,83.2,101.6,180.7,1.65,"['Drip', 'Sprinkler', 'Flood']",9.1,No,6.86
329,Cotton,West,Loam,Rabi,0.58,565.5,18.9,42.1,8.0,123.6,45.6,103.5,166.3,2.0,"['Drip', 'Sprinkler', 'Flood']",8.8,Yes,7.15
330,Wheat,East,Sandy,Rabi,4.83,217.6,24.8,57.4,5.8,102.2,29.9,67.1,128.3,0.89,"['Drip', 'Sprinkler', 'Flood']",6.9,Yes,5.17
331,Wheat,West,Black,Kharif,10.02,957.2,22.5,49.1,7.6,120.1,62.7,79.2,167.3,2.95,"['Drip', 'Sprinkler', 'Flood']",7.8,No,12.08
332,Rice,Central,Black,Kharif,14.69,1112.2,29.0,73.8,5.6,104.0,46.1,85.3,149.5,3.61,"['Drip', 'Sprinkler', 'Flood']",7.4,Yes,13.43
333,Rice,West,Silt,Rabi,20.97,554.6,23.9,65.1,7.0,142.1,69.3,85.2,188.7,4.62,"['Drip', 'Sprinkler', 'Flood']",9.6,No,9.77
334,Rice,South,Clay,Rabi,15.03,456.7,20.0,59.4,5.6,86.8,71.8,59.7,135.0,4.11,"['Drip', 'Sprinkler', 'Flood']",8.4,No,7.92
335,Maize,West,Loam,Rabi,2.48,642.1,21.4,51.4,6.1,87.7,50.8,46.8,118.9,0.66,"['Drip', 'Sprinkler', 'Flood']",8.1,No,8.78
336,Wheat,West,Black,Kharif,12.75,934.0,33.3,70.7,7.5,118.6,61.2,80.9,173.7,2.97,"['Drip', 'Sprinkler', 'Flood']",7.8,No,11.96
337,Rice,South,Clay,Kharif,5.25,965.8,22.2,86.1,5.7,114.4,57.9,74.8,157.8,1.66,"['Drip', 'Sprinkler', 'Flood']",6.4,No,12.42
338,Wheat,West,Black,Kharif,19.74,662.2,26.0,75.5,7.9,114.0,40.2,73.9,157.0,4.31,"['Drip', 'Sprinkler', 'Flood']",6.2,No,9.99
339,Wheat,West,Clay,Kharif,5.91,730.2,28.8,79.3,8.0,111.1,45.7,85.5,165.4,2.15,"['Drip', 'Sprinkler', 'Flood']",8.2,No,10.03
340,Maize,North,Clay,Kharif,11.91,974.7,22.1,83.3,5.9,115.9,68.4,93.7,157.0,3.6,"['Drip', 'Sprinkler', 'Flood']",5.9,Yes,11.94
341,Rice,East,Clay,Rabi,21.01,255.8,27.4,54.3,6.2,101.3,32.2,59.8,127.4,4.3,"['Drip', 'Sprinkler', 'Flood']",7.7,Yes,6.39
342,Rice,West,Loam,Kharif,10.16,894.7,30.3,60.6,5.5,109.6,60.2,80.6,148.7,2.34,"['Drip', 'Sprinkler', 'Flood']",7.2,Yes,11.96
343,Soybean,North,Sandy,Kharif,11.75,720.5,25.7,86.0,5.6,115.9,57.2,67.8,167.8,3.17,"['Drip', 'Sprinkler', 'Flood']",6.0,Yes,9.43
344,Maize,East,Sandy,Kharif,7.11,793.9,32.7,70.8,7.6,122.4,54.0,103.9,169.9,1.18,"['Drip', 'Sprinkler', 'Flood']",8.4,No,10.61
345,Wheat,South,Black,Kharif,9.48,760.1,23.0,59.0,5.6,103.9,50.5,101.4,151.6,2.93,"['Drip', 'Sprinkler', 'Flood']",5.7,No,9.97
346,Cotton,South,Sandy,Rabi,10.86,60.0,24.6,58.2,6.6,73.0,59.7,55.8,119.7,3.28,"['Drip', 'Sprinkler', 'Flood']",8.9,No,3.29
347,Maize,West,Loam,Kharif,22.16,1027.4,30.1,85.9,5.4,176.8,63.7,88.4,229.1,3.73,"['Drip', 'Sprinkler', 'Flood']",7.5,No,13.57
348,Maize,Central,Silt,Kharif,11.37,922.1,26.0,68.5,5.4,132.6,52.1,107.2,184.6,2.53,"['Drip', 'Sprinkler', 'Flood']",6.2,No,12.35
349,Maize,West,Black,Kharif,7.95,1078.8,33.2,78.7,6.7,137.1,85.3,73.7,202.7,2.1,"['Drip', 'Sprinkler', 'Flood']",7.3,Yes,13.83
350,Rice,Central,Clay,Kharif,3.36,791.4,33.2,74.5,6.5,108.4,67.4,72.1,148.7,2.46,"['Drip', 'Sprinkler', 'Flood']",7.7,No,11.16
351,Rice,North,Loam,Kharif,12.74,1001.4,31.5,74.6,7.4,122.1,73.3,77.3,174.9,2.49,"['Drip', 'Sprinkler', 'Flood']",5.9,No,13.15
352,Wheat,East,Silt,Kharif,3.25,876.3,26.9,75.4,7.2,124.2,62.3,69.6,166.9,1.2,"['Drip', 'Sprinkler', 'Flood']",6.4,Yes,11.79
353,Rice,West,Sandy,Kharif,2.55,1031.9,23.1,95.0,6.4,102.1,39.6,81.6,141.6,1.72,"['Drip', 'Sprinkler', 'Flood']",7.0,No,12.49
354,Rice,North,Sandy,Kharif,24.45,745.2,29.2,72.0,7.4,46.5,76.1,85.5,107.8,5.28,"['Drip', 'Sprinkler', 'Flood']",8.0,No,9.82
355,Wheat,East,Loam,Kharif,7.93,1082.6,27.6,63.1,7.0,170.0,58.8,81.6,210.9,1.54,"['Drip', 'Sprinkler', 'Flood']",6.4,No,12.63
356,Wheat,Central,Sandy,Rabi,1.53,162.2,24.5,38.2,6.1,94.0,53.9,81.4,144.2,0.75,"['Drip', 'Sprinkler', 'Flood']",9.8,No,5.12
357,Maize,Central,Silt,Kharif,22.72,877.9,27.2,76.1,8.1,91.0,48.4,69.0,125.2,3.92,"['Drip', 'Sprinkler', 'Flood']",7.1,No,11.72
358,Rice,West,Loam,Rabi,4.49,255.4,24.3,58.2,7.8,129.8,66.7,77.0,189.3,2.5,"['Drip', 'Sprinkler', 'Flood']",7.5,No,6.98
359,Soybean,East,Clay,Rabi,15.17,365.9,24.1,47.2,7.6,164.2,56.9,110.7,214.0,2.98,"['Drip', 'Sprinkler', 'Flood']",8.9,Yes,7.75
360,Cotton,South,Clay,Kharif,4.29,992.5,28.5,81.4,,84.3,41.5,55.7,117.3,1.75,"['Drip', 'Sprinkler', 'Flood']",7.0,No,10.79
361,Wheat,Central,Loam,Rabi,8.13,120.4,26.6,65.4,7.5,98.5,47.1,106.3,169.1,1.66,"['Drip', 'Sprinkler', 'Flood']",8.3,No,5.24
362,Wheat,North,Loam,Kharif,19.19,983.9,28.6,76.3,6.7,105.0,64.2,108.7,172.5,4.06,"['Drip', 'Sprinkler', 'Flood']",4.9,Yes,12.25
363,Rice,North,Loam,Rabi,23.04,389.3,29.3,58.7,5.5,141.3,80.3,40.7,190.6,3.78,"['Drip', 'Sprinkler', 'Flood']",7.7,No,7.8
364,Maize,North,Black,Rabi,13.46,189.4,18.8,29.8,5.7,120.1,58.6,73.0,148.6,3.86,"['Drip', 'Sprinkler', 'Flood']",8.7,No,5.5
365,Wheat,West,Loam,Kharif,9.19,824.2,29.9,75.7,8.2,132.1,65.2,86.8,195.1,2.79,"['Drip', 'Sprinkler', 'Flood']",8.3,No,11.35
366,Wheat,South,Black,Rabi,17.33,333.8,22.6,49.0,6.4,146.3,58.5,106.4,190.2,4.2,"['Drip', 'Sprinkler', 'Flood']",8.9,Yes,7.17
367,Maize,West,Silt,Kharif,16.63,971.8,29.1,64.2,5.5,139.5,96.9,55.0,216.0,3.17,"['Drip', 'Sprinkler', 'Flood']",8.1,No,12.6
368,Cotton,West,Sandy,Rabi,19.27,295.5,15.4,45.7,7.6,142.0,55.1,55.5,160.6,4.87,"['Drip', 'Sprinkler', 'Flood']",7.4,No,6.05
369,Wheat,East,Clay,Rabi,3.8,340.1,21.8,68.7,8.1,135.6,43.3,100.3,190.2,0.76,"['Drip', 'Sprinkler', 'Flood']",9.1,Yes,7.14
370,Cotton,South,Silt,Rabi,6.91,50.0,16.6,71.5,6.8,126.1,58.9,39.8,166.3,1.8,"['Drip', 'Sprinkler', 'Flood']",7.6,No,4.29
371,Wheat,East,Sandy,Rabi,4.52,182.3,22.5,42.0,6.9,147.3,41.0,81.5,176.9,1.8,"['Drip', 'Sprinkler', 'Flood']",7.7,Yes,6.25
372,Maize,South,Sandy,Rabi,7.47,340.2,26.0,60.0,5.6,89.6,80.3,50.6,450.18,2.37,"['Drip', 'Sprinkler', 'Flood']",7.2,No,7.04
373,Rice,North,Clay,Kharif,16.38,624.7,23.2,82.8,6.2,128.5,73.2,82.2,169.7,3.59,"['Drip', 'Sprinkler', 'Flood']",7.5,No,9.66
374,Maize,Central,Silt,Rabi,8.4,530.2,24.8,61.7,7.3,128.0,76.9,91.2,179.1,1.59,"['Drip', 'Sprinkler', 'Flood']",7.2,Yes,9.81
375,Maize,Central,Loam,Rabi,13.63,289.1,22.2,65.1,5.9,119.4,59.7,71.2,167.8,2.72,"['Drip', 'Sprinkler', 'Flood']",7.6,Yes,6.79
376,Wheat,West,Sandy,Rabi,7.85,138.4,19.2,47.6,6.4,119.8,78.1,68.1,165.2,2.94,"['Drip', 'Sprinkler', 'Flood']",7.2,Yes,5.08
377,Rice,West,Silt,Kharif,16.13,1006.3,20.7,94.5,7.4,87.7,69.3,84.9,141.8,3.91,"['Drip', 'Sprinkler', 'Flood']",7.2,No,12.59
378,Soybean,Central,Clay,Rabi,7.04,172.0,20.5,60.8,7.3,121.6,71.0,82.8,179.6,2.65,"['Drip', 'Sprinkler', 'Flood']",7.6,No,5.96
379,Rice,Central,Clay,Kharif,3.84,885.7,35.2,71.6,7.8,106.9,76.9,74.8,180.3,0.74,"['Drip', 'Sprinkler', 'Flood']",7.2,No,12.14
380,Rice,South,Loam,Kharif,21.08,661.2,29.6,68.9,6.9,107.3,60.0,66.5,144.1,4.71,"['Drip', 'Sprinkler', 'Flood']",5.8,Yes,9.61
381,Maize,West,Sandy,Kharif,14.82,708.1,32.2,75.9,5.6,146.1,78.0,127.2,215.7,,"['Drip', 'Sprinkler', 'Flood']",7.3,No,9.8
382,Rice,South,Clay,Zaid,22.05,559.0,24.5,51.3,7.3,122.2,57.2,106.7,179.0,4.99,"['Drip', 'Sprinkler', 'Flood']",5.8,No,8.31
383,Cotton,South,Black,Kharif,16.15,801.0,19.8,,5.9,91.6,58.2,80.9,161.7,4.26,"['Drip', 'Sprinkler', 'Flood']",6.4,No,10.29
384,Rice,Central,Clay,Zaid,15.97,201.8,26.0,43.3,6.4,169.0,66.4,101.1,208.7,3.34,"['Drip', 'Sprinkler', 'Flood']",5.4,No,7.15
385,Soybean,Central,Clay,Rabi,12.91,178.4,25.4,61.3,6.6,82.3,64.8,81.1,131.8,3.52,"['Drip', 'Sprinkler', 'Flood']",6.9,Yes,4.7
386,Rice,North,Clay,Kharif,17.98,1023.3,28.6,60.6,5.6,98.7,51.4,100.4,151.4,4.44,"['Drip', 'Sprinkler', 'Flood']",7.4,No,12.73
387,Rice,South,Loam,Kharif,4.96,1157.5,21.3,80.3,8.0,108.2,79.2,66.6,151.4,2.69,"['Drip', 'Sprinkler', 'Flood']",5.4,Yes,13.62
388,Rice,South,Sandy,Kharif,23.97,813.0,30.5,86.3,5.2,77.5,55.8,113.7,136.6,4.58,"['Drip', 'Sprinkler', 'Flood']",7.1,No,10.94
389,Cotton,South,Silt,Kharif,11.07,928.1,30.7,82.2,5.8,84.0,71.3,112.1,177.6,2.13,"['Drip', 'Sprinkler', 'Flood']",7.5,No,10.77
390,Maize,North,Silt,Kharif,8.42,1098.4,25.9,60.7,7.3,109.5,36.3,79.6,152.1,1.38,"['Drip', 'Sprinkler', 'Flood']",6.6,No,13.21
391,Soybean,Central,Black,Rabi,20.34,477.7,21.2,34.8,7.2,166.9,81.3,111.2,240.2,3.39,"['Drip', 'Sprinkler', 'Flood']",8.2,No,8.33
392,Wheat,West,Silt,Kharif,3.36,1042.8,30.0,76.4,7.8,141.1,38.6,94.6,181.2,2.26,"['Drip', 'Sprinkler', 'Flood']",5.7,No,12.31
393,Rice,Central,Sandy,Rabi,12.54,481.7,19.4,67.6,6.5,103.4,61.9,86.2,162.2,2.21,"['Drip', 'Sprinkler', 'Flood']",9.0,No,8.96
394,Rice,South,Black,Rabi,12.58,512.2,25.6,38.4,5.6,161.9,76.7,85.1,222.5,2.9,"['Drip', 'Sprinkler', 'Flood']",7.7,No,9.98
395,Maize,Central,Black,Rabi,4.92,399.0,19.6,50.5,6.2,120.1,51.0,135.1,193.2,2.6,"['Drip', 'Sprinkler', 'Flood']",8.7,Yes,7.68
396,Rice,West,Silt,Rabi,23.9,332.5,20.6,54.4,8.1,85.9,29.4,65.3,129.7,5.05,"['Drip', 'Sprinkler', 'Flood']",9.3,Yes,6.58
397,Wheat,East,Sandy,Rabi,18.72,105.2,19.4,61.4,5.9,130.5,62.0,60.0,177.9,3.59,"['Drip', 'Sprinkler', 'Flood']",8.1,No,4.57
398,Wheat,South,Silt,Rabi,23.08,50.0,25.5,47.3,6.3,139.7,68.2,86.7,202.8,4.24,"['Drip', 'Sprinkler', 'Flood']",7.8,Yes,5.48
399,Rice,South,,Kharif,10.94,1032.8,28.9,68.1,7.3,124.0,69.9,99.4,179.6,2.22,"['Drip', 'Sprinkler', 'Flood']",6.1,No,13.34
400,Wheat,North,Sandy,Rabi,13.32,205.9,20.6,58.0,5.4,131.5,62.0,72.1,179.8,3.32,"['Drip', 'Sprinkler', 'Flood']",7.3,No,5.85
401,Wheat,East,Loam,Rabi,11.84,365.0,13.5,65.0,7.3,127.3,50.6,109.5,184.1,3.39,"['Drip', 'Sprinkler', 'Flood']",6.9,No,7.95
402,Wheat,North,Black,Kharif,17.0,765.5,27.3,75.8,6.4,156.4,61.8,60.3,197.8,3.87,"['Drip', 'Sprinkler', 'Flood']",6.9,No,10.07
403,Cotton,East,Silt,Rabi,2.65,364.5,23.0,61.2,5.8,84.7,76.9,83.8,151.9,2.08,"['Drip', 'Sprinkler', 'Flood']",8.6,No,6.06
404,Cotton,North,Silt,Kharif,4.57,884.7,31.6,87.7,8.1,71.2,65.3,68.5,121.4,1.82,"['Drip', 'Sprinkler', 'Flood']",7.2,Yes,10.0
405,Maize,West,Silt,Rabi,18.56,142.8,18.1,52.1,6.7,148.0,42.7,65.1,174.2,3.76,"['Drip', 'Sprinkler', 'Flood']",6.3,No,5.27
406,Rice,North,Silt,Rabi,3.37,272.2,16.9,45.0,6.5,106.3,63.5,76.6,149.2,1.38,"['Drip', 'Sprinkler', 'Flood']",6.7,No,6.6
407,Soybean,Central,Silt,Kharif,7.69,808.6,18.2,82.5,7.4,87.6,67.7,45.6,137.2,1.72,"['Drip', 'Sprinkler', 'Flood']",5.8,No,10.02
408,Wheat,East,Loam,Rabi,23.6,231.6,18.1,55.3,6.9,143.6,59.9,78.0,202.4,3.89,"['Drip', 'Sprinkler', 'Flood']",8.8,No,6.03
409,Rice,North,Clay,Kharif,5.99,893.3,31.6,73.1,7.8,126.1,59.1,91.4,176.0,2.24,"['Drip', 'Sprinkler', 'Flood']",5.9,No,12.16
410,Rice,Central,Loam,Zaid,19.65,228.4,14.9,42.4,5.5,92.5,53.2,85.0,147.3,3.36,"['Drip', 'Sprinkler', 'Flood']",6.0,No,6.55
411,Cotton,East,Loam,Kharif,9.41,932.4,26.1,82.9,7.5,183.1,88.4,81.6,235.1,1.75,"['Drip', 'Sprinkler', 'Flood']",7.1,No,11.69
412,Maize,South,Black,Kharif,6.09,748.4,29.3,65.2,6.4,72.7,67.5,85.2,126.0,0.97,"['Drip', 'Sprinkler', 'Flood']",7.1,No,9.99
413,Soybean,North,Sandy,Kharif,19.42,762.7,29.6,95.0,5.7,133.1,23.1,55.1,167.5,4.66,"['Drip', 'Sprinkler', 'Flood']",6.8,No,9.33
414,Maize,Central,Sandy,Zaid,0.69,451.7,20.1,67.0,8.0,111.6,44.5,87.0,167.2,1.68,"['Drip', 'Sprinkler', 'Flood']",6.1,No,7.31
415,Cotton,South,Clay,Rabi,2.56,155.0,20.1,51.0,6.8,69.5,49.9,76.5,111.2,1.07,"['Drip', 'Sprinkler', 'Flood']",7.9,No,5.11
416,Rice,South,Sandy,Rabi,24.68,346.2,22.1,57.2,6.3,103.7,50.0,107.7,164.8,3.95,"['Drip', 'Sprinkler', 'Flood']",7.5,No,7.86
417,Soybean,Central,Black,Rabi,22.41,171.3,17.4,47.3,6.1,106.9,65.2,49.1,142.5,4.4,"['Drip', 'Sprinkler', 'Flood']",6.6,Yes,4.98
418,Cotton,South,Loam,Kharif,10.93,1075.0,26.5,77.3,6.5,131.9,67.6,106.5,200.8,2.45,"['Drip', 'Sprinkler', 'Flood']",5.4,No,12.14
419,Maize,East,Silt,Rabi,23.72,282.1,16.9,61.2,6.7,145.3,22.0,93.8,169.5,4.95,"['Drip', 'Sprinkler', 'Flood']",7.9,No,7.03
420,Maize,Central,Loam,Rabi,10.51,317.8,24.8,64.0,5.3,133.8,71.9,97.0,194.7,2.55,"['Drip', 'Sprinkler', 'Flood']",8.1,No,6.9
421,Wheat,Central,Sandy,Kharif,20.57,823.6,28.1,63.3,6.5,161.1,42.6,68.6,205.1,4.04,"['Drip', 'Sprinkler', 'Flood']",6.0,No,10.63
422,Rice,East,Silt,Rabi,4.15,143.3,20.8,50.7,7.1,102.3,49.6,94.7,150.5,0.71,"['Drip', 'Sprinkler', 'Flood']",7.5,No,5.18
423,Wheat,North,Loam,Rabi,20.01,249.1,16.0,64.1,5.8,142.5,45.5,62.2,185.7,3.38,"['Drip', 'Sprinkler', 'Flood']",8.4,No,6.54
424,Soybean,North,Loam,Kharif,5.54,854.2,31.7,58.2,6.9,146.6,69.4,68.6,203.7,1.81,"['Drip', 'Sprinkler', 'Flood']",7.8,Yes,11.05
425,Wheat,East,Silt,Kharif,3.31,973.9,29.4,79.7,5.5,135.1,54.6,99.2,194.0,1.15,"['Drip', 'Sprinkler', 'Flood']",8.2,Yes,12.6
426,Rice,South,Sandy,Kharif,23.57,953.6,29.1,73.1,5.9,104.9,53.7,56.3,143.3,5.43,"['Drip', 'Sprinkler', 'Flood']",6.9,No,12.29
427,Wheat,North,Clay,Zaid,0.96,112.1,19.2,68.6,7.2,145.3,73.7,98.4,192.3,1.14,"['Drip', 'Sprinkler', 'Flood']",7.6,No,5.86
428,Wheat,South,Silt,Zaid,14.1,445.9,28.1,59.8,8.1,93.6,45.0,83.5,142.6,3.96,"['Drip', 'Sprinkler', 'Flood']",6.9,No,7.79
429,Soybean,Central,Clay,Rabi,13.0,535.9,22.8,47.2,6.4,111.8,65.9,87.7,162.6,2.81,"['Drip', 'Sprinkler', 'Flood']",7.7,No,8.68
430,Maize,South,,Zaid,17.84,265.3,20.2,69.6,6.2,135.5,96.8,59.0,209.5,2.94,"['Drip', 'Sprinkler', 'Flood']",8.2,Yes,6.5
431,Wheat,North,Black,Rabi,17.73,314.6,16.0,58.4,5.4,84.8,87.8,87.3,149.5,3.37,"['Drip', 'Sprinkler', 'Flood']",6.7,No,6.7
432,Wheat,West,Loam,Kharif,9.58,775.2,28.2,76.3,7.4,122.0,37.4,76.7,154.1,3.07,"['Drip', 'Sprinkler', 'Flood']",5.7,Yes,9.86
433,Soybean,Central,Loam,Kharif,22.66,872.6,25.4,81.2,6.4,163.7,73.3,61.1,198.3,4.72,"['Drip', 'Sprinkler', 'Flood']",7.0,No,11.28
434,Wheat,North,Loam,Kharif,23.37,723.6,33.1,58.7,7.4,112.6,88.8,132.4,201.7,4.86,"['Drip', 'Sprinkler', 'Flood']",5.9,No,9.85
435,Wheat,South,Loam,Rabi,8.41,385.7,17.6,63.7,6.7,140.9,55.6,79.4,185.9,3.1,"['Drip', 'Sprinkler', 'Flood']",7.7,No,7.41
436,Rice,Central,Loam,Zaid,6.03,436.8,17.3,31.6,8.0,127.3,72.7,105.9,197.6,0.96,"['Drip', 'Sprinkler', 'Flood']",6.8,No,8.27
437,Soybean,Central,Clay,Kharif,6.34,872.9,29.1,66.1,8.0,158.5,63.4,52.6,196.3,2.11,"['Drip', 'Sprinkler', 'Flood']",5.6,Yes,11.42
438,Rice,Central,Loam,Rabi,2.02,2380.86,21.4,51.8,7.0,109.5,62.9,86.2,165.3,2.0,"['Drip', 'Sprinkler', 'Flood']",6.9,No,7.34
439,Soybean,West,Black,Kharif,9.91,986.5,20.1,68.3,8.0,104.5,63.4,58.5,146.7,1.69,"['Drip', 'Sprinkler', 'Flood']",7.6,No,12.38
440,Wheat,East,Black,Kharif,10.81,1009.0,27.3,64.3,5.9,122.6,54.9,71.9,174.5,3.54,"['Drip', 'Sprinkler', 'Flood']",7.0,No,11.97
441,Cotton,North,Sandy,Rabi,7.63,478.0,20.1,51.9,5.9,108.3,68.1,56.8,161.2,3.1,"['Drip', 'Sprinkler', 'Flood']",8.3,No,7.3
442,Wheat,East,Silt,Rabi,8.61,353.8,11.9,42.9,7.0,107.0,64.4,46.2,151.0,1.38,"['Drip', 'Sprinkler', 'Flood']",8.0,Yes,6.95
443,Wheat,East,Clay,Rabi,19.32,407.6,14.3,47.8,7.7,137.8,62.1,80.1,180.7,3.18,"['Drip', 'Sprinkler', 'Flood']",9.0,No,7.14
444,Rice,Central,Clay,Kharif,4.77,656.6,32.8,64.5,6.2,105.2,56.8,118.1,172.5,2.54,"['Drip', 'Sprinkler', 'Flood']",8.5,No,9.88
445,Cotton,North,Clay,Kharif,6.38,980.5,22.5,95.0,8.2,95.2,82.7,52.2,152.0,2.81,"['Drip', 'Sprinkler', 'Flood']",7.2,No,11.27
446,Rice,East,Clay,Zaid,19.2,436.5,14.3,44.8,6.1,131.2,69.1,68.9,175.5,3.13,"['Drip', 'Sprinkler', 'Flood']",5.7,No,8.13
447,Maize,West,Black,Kharif,12.96,901.8,22.2,63.3,6.6,118.3,53.7,97.4,167.9,2.93,"['Drip', 'Sprinkler', 'Flood']",5.5,No,10.85
448,Maize,North,Clay,Rabi,11.58,497.1,21.3,62.0,6.5,109.5,66.1,88.4,161.9,1.91,"['Drip', 'Sprinkler', 'Flood']",8.0,No,7.98
449,Wheat,North,Black,Rabi,10.94,149.4,21.8,57.9,6.3,99.4,64.7,93.2,154.5,1.81,"['Drip', 'Sprinkler', 'Flood']",7.3,No,4.76
450,Cotton,Central,Loam,Kharif,9.33,882.7,24.5,72.4,7.2,120.0,84.8,84.5,168.8,1.78,"['Drip', 'Sprinkler', 'Flood']",6.6,No,10.62
451,Maize,East,Sandy,Kharif,7.84,1015.1,21.7,66.6,6.9,134.5,50.5,61.3,157.3,1.47,"['Drip', 'Sprinkler', 'Flood']",6.9,No,12.65
452,Rice,East,Black,Rabi,18.2,546.8,14.1,59.3,6.1,136.3,83.8,75.6,189.6,3.63,"['Drip', 'Sprinkler', 'Flood']",7.1,No,9.05
453,Wheat,Central,Loam,Rabi,16.64,234.5,23.3,40.1,7.5,138.8,55.4,64.3,169.5,2.56,"['Drip', 'Sprinkler', 'Flood']",7.3,Yes,7.54
454,Maize,West,Black,Rabi,10.08,231.3,13.8,71.5,5.4,98.6,71.1,55.7,164.5,2.79,"['Drip', 'Sprinkler', 'Flood']",7.8,No,6.18
455,Wheat,Central,Black,Rabi,5.07,649.0,25.3,53.5,7.2,137.8,64.7,82.9,184.6,2.48,"['Drip', 'Sprinkler', 'Flood']",7.9,No,9.8
456,Rice,East,Loam,Kharif,22.64,960.6,30.2,94.5,6.1,135.3,39.8,94.2,188.1,4.02,"['Drip', 'Sprinkler', 'Flood']",7.5,No,12.99
457,Wheat,Central,Silt,Kharif,10.28,964.8,23.4,92.4,6.6,92.5,38.2,64.9,124.5,2.45,"['Drip', 'Sprinkler', 'Flood']",9.0,No,11.55
458,Maize,Central,Clay,Kharif,4.9,777.6,24.9,67.8,6.4,99.1,40.5,105.6,158.6,0.82,"['Drip', 'Sprinkler', 'Flood']",7.4,No,10.24
459,Rice,West,Loam,Rabi,18.2,335.7,25.6,67.7,8.2,118.5,66.3,84.4,174.3,3.63,"['Drip', 'Sprinkler', 'Flood']",7.1,No,6.79
460,Wheat,West,Silt,Kharif,18.78,893.6,30.5,67.1,5.2,161.9,82.1,64.5,224.4,3.79,"['Drip', 'Sprinkler', 'Flood']",8.1,Yes,12.04
461,Soybean,North,Sandy,Rabi,4.68,368.6,21.2,51.6,6.4,149.7,82.5,95.9,212.3,1.42,"['Drip', 'Sprinkler', 'Flood']",7.5,Yes,8.06
462,Wheat,West,Black,Rabi,18.05,348.3,24.2,49.0,6.1,122.3,60.5,84.8,160.7,4.57,"['Drip', 'Sprinkler', 'Flood']",7.5,Yes,7.31
463,Rice,Central,Sandy,Rabi,17.16,649.3,24.9,70.6,7.2,147.1,59.3,74.1,177.0,3.22,"['Drip', 'Sprinkler', 'Flood']",7.9,No,9.38
464,Rice,,Clay,Kharif,9.24,653.0,29.9,84.0,6.1,98.7,70.7,113.6,175.6,2.69,"['Drip', 'Sprinkler', 'Flood']",6.7,Yes,9.83
465,Rice,East,Loam,Rabi,19.89,471.9,18.6,54.9,6.2,131.2,49.9,65.5,181.4,3.25,"['Drip', 'Sprinkler', 'Flood']",7.2,Yes,8.42
466,Soybean,West,Loam,Kharif,15.41,671.8,24.6,70.0,7.1,123.7,79.8,94.5,188.6,3.54,"['Drip', 'Sprinkler', 'Flood']",7.7,No,9.42
467,Cotton,East,Loam,Kharif,12.72,943.2,31.7,70.4,7.4,105.6,76.2,78.4,167.6,2.54,"['Drip', 'Sprinkler', 'Flood']",6.6,No,11.72
468,Rice,Central,Loam,Kharif,18.46,965.4,26.5,80.7,5.4,184.9,37.9,89.8,209.5,3.21,"['Drip', 'Sprinkler', 'Flood']",7.8,Yes,12.5
469,Maize,North,Silt,Kharif,5.22,845.0,26.3,76.2,7.0,130.5,77.0,39.6,172.1,2.23,"['Drip', 'Sprinkler', 'Flood']",7.4,No,11.15
470,Wheat,South,Sandy,Rabi,24.21,189.3,23.4,74.0,6.6,142.5,55.7,63.8,187.9,4.48,"['Drip', 'Sprinkler', 'Flood']",7.2,Yes,5.69
471,Soybean,East,Silt,Kharif,2.54,1005.5,26.1,62.7,5.7,112.7,50.6,91.7,161.2,1.34,"['Drip', 'Sprinkler', 'Flood']",8.3,No,11.98
472,Soybean,North,Black,Rabi,9.67,203.4,17.6,60.9,6.4,118.8,45.3,59.0,175.3,1.59,"['Drip', 'Sprinkler', 'Flood']",10.3,Yes,4.8
473,Soybean,North,Silt,Zaid,19.4,301.4,17.3,51.4,6.3,85.7,73.8,87.0,143.5,3.87,"['Drip', 'Sprinkler', 'Flood']",7.3,No,5.82
474,Wheat,West,Clay,Kharif,11.66,1079.6,26.7,68.0,7.0,165.8,51.4,114.2,221.7,3.04,"['Drip', 'Sprinkler', 'Flood']",7.9,No,13.26
475,Soybean,East,Clay,Rabi,4.56,93.7,23.7,42.7,7.9,119.9,39.1,63.2,153.0,2.42,"['Drip', 'Sprinkler', 'Flood']",,Yes,4.0
476,Cotton,South,Clay,Zaid,10.25,181.9,16.8,82.5,7.6,129.5,60.1,71.9,166.1,2.85,"['Drip', 'Sprinkler', 'Flood']",6.9,No,4.85
477,Maize,North,Clay,Rabi,3.2,205.4,19.9,60.1,7.6,159.7,75.3,133.3,240.6,2.31,"['Drip', 'Sprinkler', 'Flood']",7.2,Yes,6.52
478,Wheat,North,Loam,Kharif,14.85,853.7,22.1,77.1,5.5,158.7,69.4,106.4,220.6,4.2,"['Drip', 'Sprinkler', 'Flood']",8.0,Yes,11.86
479,Maize,Central,Sandy,Zaid,12.09,217.4,24.6,40.5,8.2,158.1,74.6,36.6,190.2,1.93,"['Drip', 'Sprinkler', 'Flood']",6.2,No,6.27
480,Rice,West,Clay,Kharif,3.51,960.3,18.4,70.3,7.5,120.3,76.4,64.2,157.3,1.56,"['Drip', 'Sprinkler', 'Flood']",7.0,No,12.25
481,Soybean,South,Sandy,Rabi,24.26,279.9,15.0,56.2,7.4,148.6,63.8,62.2,208.2,4.59,"['Drip', 'Sprinkler', 'Flood']",7.1,No,6.51
482,Rice,East,Clay,Rabi,21.97,234.4,22.4,39.5,5.3,109.3,60.1,113.1,150.4,5.27,"['Drip', 'Sprinkler', 'Flood']",5.9,No,6.55
483,Rice,East,Clay,Kharif,18.95,865.1,26.5,60.4,5.7,135.8,89.2,61.4,191.9,3.36,"['Drip', 'Sprinkler', 'Flood']",6.3,No,11.84
484,Wheat,East,Silt,Kharif,17.45,853.8,34.4,58.3,7.5,91.0,47.3,57.2,137.3,4.09,"['Drip', 'Sprinkler', 'Flood']",5.9,No,11.06
485,Soybean,Central,Clay,Kharif,7.63,1004.6,30.3,69.6,8.0,111.2,53.0,75.4,153.7,2.62,"['Drip', 'Sprinkler', 'Flood']",7.9,No,11.74
486,Rice,South,Sandy,Rabi,23.38,247.8,25.1,65.5,7.0,122.7,61.3,90.5,171.6,5.14,"['Drip', 'Sprinkler', 'Flood']",7.8,No,6.91
487,Wheat,South,Loam,Rabi,8.07,376.9,20.9,70.7,6.6,119.2,68.3,59.4,163.0,3.17,"['Drip', 'Sprinkler', 'Flood']",7.1,No,7.39
488,Maize,Central,Loam,Zaid,19.51,208.9,25.0,42.4,6.1,141.9,29.6,82.3,176.8,3.71,"['Drip', 'Sprinkler', 'Flood']",6.0,No,6.34
489,Rice,North,Sandy,Kharif,23.12,842.8,23.2,82.2,7.6,132.7,63.3,75.0,187.3,4.78,"['Drip', 'Sprinkler', 'Flood']",6.7,No,11.0
490,Soybean,South,Clay,Rabi,0.72,361.5,20.2,42.1,7.2,134.1,59.4,100.1,187.8,1.79,"['Drip', 'Sprinkler', 'Flood']",8.4,No,7.11
491,Wheat,North,Black,Rabi,15.04,506.9,19.9,52.8,5.9,123.7,37.2,82.2,174.0,3.01,"['Drip', 'Sprinkler', 'Flood']",7.6,No,8.44
492,Cotton,Central,Silt,Kharif,16.5,689.0,26.6,78.7,5.4,82.9,61.5,75.7,135.6,3.62,"['Drip', 'Sprinkler', 'Flood']",6.3,No,8.51
493,Cotton,North,Silt,Zaid,17.72,276.8,23.0,47.8,7.8,155.2,45.1,75.2,189.9,4.29,"['Drip', 'Sprinkler', 'Flood']",6.0,No,5.89
494,Cotton,East,Loam,Rabi,5.58,289.8,19.9,50.8,,119.1,58.5,63.6,164.2,0.92,"['Drip', 'Sprinkler', 'Flood']",6.7,Yes,5.54
495,Rice,West,Loam,Zaid,12.9,176.9,24.8,33.7,5.2,148.0,48.7,125.9,194.0,3.25,"['Drip', 'Sprinkler', 'Flood']",6.8,No,5.75
496,Rice,Central,Sandy,Rabi,13.01,192.4,18.8,41.4,5.3,133.5,61.9,88.6,182.1,2.22,"['Drip', 'Sprinkler', 'Flood']",6.7,No,6.05
497,Maize,South,Black,Kharif,9.85,1024.7,25.7,81.6,6.5,129.6,53.7,56.7,177.9,3.47,"['Drip', 'Sprinkler', 'Flood']",7.7,No,12.73
498,Maize,Central,Black,Kharif,20.63,1035.4,25.1,91.1,6.3,138.4,57.5,76.9,193.8,4.46,"['Drip', 'Sprinkler', 'Flood']",6.3,Yes,13.01
499,Soybean,West,Clay,Rabi,6.03,445.7,21.2,64.6,5.5,115.2,68.3,74.4,166.7,2.55,"['Drip', 'Sprinkler', 'Flood']",7.2,No,6.96
500,Soybean,East,Black,Kharif,1.68,857.9,25.2,90.2,5.7,133.0,38.8,86.1,163.7,2.02,"['Drip', 'Sprinkler', 'Flood']",5.9,No,11.27
501,Maize,West,Clay,Kharif,14.41,863.4,36.9,68.8,7.5,101.6,53.2,61.3,134.2,2.87,"['Drip', 'Sprinkler', 'Flood']",7.3,No,10.79
502,Rice,West,Clay,Kharif,21.52,1260.6,31.9,71.7,6.1,128.6,63.3,74.0,157.8,3.56,"['Drip', 'Sprinkler', 'Flood']",8.5,No,14.99
503,Rice,Central,Silt,Rabi,23.34,415.2,24.5,49.0,6.8,85.5,61.8,82.4,146.3,3.52,"['Drip', 'Sprinkler', 'Flood']",9.8,No,7.26
504,Soybean,West,Black,Rabi,1.54,270.5,18.7,56.9,8.0,124.7,27.7,88.7,168.3,0.5,"['Drip', 'Sprinkler', 'Flood']",7.8,No,6.26
505,Wheat,Central,Sandy,Zaid,6.62,51.9,19.3,61.2,6.1,134.2,65.6,111.9,193.3,1.6,"['Drip', 'Sprinkler', 'Flood']",6.7,No,4.48
506,Wheat,East,Black,Rabi,1.91,80.7,25.4,55.4,6.1,138.1,68.7,76.5,181.3,0.3,"['Drip', 'Sprinkler', 'Flood']",7.4,No,5.24
507,Soybean,South,Silt,Kharif,19.35,899.9,32.5,68.3,7.9,136.9,48.4,76.4,189.7,3.78,"['Drip', 'Sprinkler', 'Flood']",6.9,Yes,11.36
508,Soybean,West,Loam,Kharif,1.49,883.8,22.8,85.2,7.9,128.9,68.4,50.7,172.0,0.76,"['Drip', 'Sprinkler', 'Flood']",5.9,No,11.38
509,Maize,South,Silt,Rabi,23.13,382.2,17.7,58.7,5.3,127.6,69.9,99.5,190.2,4.83,"['Drip', 'Sprinkler', 'Flood']",7.3,No,8.2
510,Rice,South,Silt,Kharif,11.01,863.8,23.2,64.1,5.8,117.6,67.3,77.4,182.8,2.98,"['Drip', 'Sprinkler', 'Flood']",6.0,No,11.64
511,Wheat,West,Black,Kharif,24.82,721.2,24.9,75.7,5.3,133.2,94.4,77.2,188.1,3.9,"['Drip', 'Sprinkler', 'Flood']",7.6,Yes,9.97
512,Maize,South,Sandy,Kharif,2.0,970.6,26.8,76.4,5.5,80.8,87.1,76.4,141.0,2.09,"['Drip', 'Sprinkler', 'Flood']",7.0,No,11.82
513,Rice,South,Sandy,Zaid,2.97,445.4,29.9,49.4,5.5,136.1,78.9,82.2,199.5,1.93,"['Drip', 'Sprinkler', 'Flood']",6.3,No,8.42
514,Rice,West,Clay,Rabi,2.64,119.0,25.4,63.7,7.0,183.5,70.1,107.5,233.4,0.78,"['Drip', 'Sprinkler', 'Flood']",7.6,No,6.36
515,Maize,South,Silt,Zaid,5.45,291.8,19.8,59.5,6.0,149.5,81.1,52.6,214.3,2.61,"['Drip', 'Sprinkler', 'Flood']",5.5,No,6.8
516,Wheat,South,Black,Rabi,4.59,50.0,19.4,80.9,6.1,128.5,58.5,92.8,181.2,2.32,"['Drip', 'Sprinkler', 'Flood']",6.8,No,4.8
517,Wheat,South,Black,Kharif,19.59,803.0,29.9,77.4,5.9,133.5,49.9,41.2,163.8,4.35,"['Drip', 'Sprinkler', 'Flood']",5.9,No,10.55
518,Maize,East,Clay,Kharif,13.57,999.9,26.5,88.8,8.0,117.7,67.9,84.6,171.8,4.0,"['Drip', 'Sprinkler', 'Flood']",7.7,Yes,12.36
519,Maize,East,Sandy,Kharif,23.69,987.6,25.9,89.3,6.1,159.8,80.9,77.4,222.7,5.01,"['Drip', 'Sprinkler', 'Flood']",7.1,No,12.74
520,Maize,Central,Black,Kharif,18.77,926.6,23.7,84.8,7.8,99.0,45.8,85.8,141.1,3.35,"['Drip', 'Sprinkler', 'Flood']",5.4,No,11.14
521,Wheat,South,Silt,Kharif,22.6,979.0,29.4,82.9,5.8,165.7,35.8,81.9,198.8,3.72,"['Drip', 'Sprinkler', 'Flood']",6.8,Yes,12.02
522,Wheat,North,Clay,Rabi,16.31,426.6,15.7,64.2,5.6,120.0,57.7,95.9,179.9,2.67,"['Drip', 'Sprinkler', 'Flood']",9.9,No,7.8
523,Wheat,West,Sandy,Kharif,15.87,1289.3,28.9,79.6,7.4,116.9,47.6,106.6,174.4,3.51,"['Drip', 'Sprinkler', 'Flood']",8.1,No,14.79
524,Wheat,North,Sandy,Rabi,3.52,415.1,21.8,50.8,6.1,72.5,57.9,107.7,151.1,0.58,"['Drip', 'Sprinkler', 'Flood']",7.5,No,7.3
525,Wheat,Central,Silt,Rabi,18.01,442.2,18.3,62.1,8.1,119.0,58.8,87.8,167.8,4.55,"['Drip', 'Sprinkler', 'Flood']",8.8,Yes,8.03
526,Rice,South,Clay,Rabi,4.18,323.1,19.3,47.6,7.7,113.2,65.7,105.5,171.0,2.49,"['Drip', 'Sprinkler', 'Flood']",8.6,Yes,6.62
527,Wheat,Central,Clay,Rabi,4.09,397.8,24.5,62.9,7.6,54.5,72.0,93.8,121.9,1.26,"['Drip', 'Sprinkler', 'Flood']",7.4,Yes,6.93
528,Rice,East,Silt,Rabi,16.1,161.0,27.2,73.3,8.0,96.6,72.7,57.4,144.0,3.49,"['Drip', 'Sprinkler', 'Flood']",8.1,No,5.76
529,Rice,West,Clay,Rabi,6.26,779.0,21.2,67.7,8.1,123.4,64.6,76.7,165.0,2.67,"['Drip', 'Sprinkler', 'Flood']",9.6,No,10.79
530,Soybean,Central,Silt,Kharif,20.78,980.4,30.0,76.9,8.1,113.1,46.0,131.1,180.6,3.86,"['Drip', 'Sprinkler', 'Flood']",6.6,Yes,11.34
531,Cotton,Central,Loam,Kharif,3.96,900.7,28.6,80.1,7.5,97.3,51.9,82.1,127.2,1.53,"['Drip', 'Sprinkler', 'Flood']",6.6,No,9.98
532,Wheat,North,Loam,Rabi,1.29,374.4,21.0,43.2,5.2,138.7,40.3,98.1,177.1,1.85,"['Drip', 'Sprinkler', 'Flood']",9.0,No,7.17
533,Rice,North,Loam,Rabi,24.46,373.1,23.0,49.8,5.8,108.0,59.5,54.4,156.8,4.61,"['Drip', 'Sprinkler', 'Flood']",6.5,No,6.86
534,Wheat,Central,Silt,Kharif,3.16,681.3,32.8,81.4,7.7,140.0,62.1,72.9,185.5,1.67,"['Drip', 'Sprinkler', 'Flood']",7.0,No,9.56
535,Maize,North,Sandy,Kharif,14.47,1322.7,31.3,71.9,5.5,120.8,44.8,132.4,184.3,3.17,"['Drip', 'Sprinkler', 'Flood']",4.5,No,14.69
536,Wheat,West,Sandy,Kharif,18.67,989.2,33.8,85.8,5.7,99.1,52.3,46.5,125.9,3.38,"['Drip', 'Sprinkler', 'Flood']",7.6,No,12.19
537,Wheat,West,Clay,Rabi,16.53,310.5,18.6,66.7,7.4,113.2,39.9,42.4,131.2,3.16,"['Drip', 'Sprinkler', 'Flood']",9.5,No,6.8
538,Soybean,West,Silt,Kharif,24.93,774.7,20.1,59.3,6.9,131.3,59.8,114.0,194.9,4.36,"['Drip', 'Sprinkler', 'Flood']",8.2,No,9.99
539,Rice,East,Clay,Zaid,4.46,273.2,24.7,60.3,7.5,128.4,59.2,102.6,185.5,1.97,"['Drip', 'Sprinkler', 'Flood']",9.0,Yes,7.3
540,Wheat,Central,Silt,Kharif,15.68,1036.7,26.2,65.2,6.7,104.6,50.8,97.9,162.9,3.25,"['Drip', 'Sprinkler', 'Flood']",9.2,Yes,11.62
541,Soybean,North,Clay,Rabi,14.24,339.9,22.6,45.8,7.8,142.9,65.1,120.1,205.6,3.07,"['Drip', 'Sprinkler', 'Flood']",7.2,No,7.23
542,Wheat,North,Silt,Rabi,5.39,234.4,19.3,62.7,8.2,81.2,62.0,64.0,130.7,0.89,"['Drip', 'Sprinkler', 'Flood']",8.6,No,6.07
543,Rice,North,Black,Rabi,2.03,395.2,14.4,61.9,5.8,117.7,85.0,84.8,177.0,0.66,"['Drip', 'Sprinkler', 'Flood']",8.4,Yes,7.8
544,Soybean,East,Silt,Rabi,16.91,361.2,20.6,73.8,5.5,138.6,52.0,80.2,178.1,3.24,"['Drip', 'Sprinkler', 'Flood']",7.0,No,7.3
545,Wheat,West,Sandy,Zaid,14.47,385.2,16.4,60.2,7.4,109.7,52.6,74.7,147.3,3.64,"['Drip', 'Sprinkler', 'Flood']",5.4,No,7.18
546,Soybean,Central,Silt,Rabi,3.28,274.8,25.0,53.1,6.8,147.4,60.4,85.1,193.3,1.39,"['Drip', 'Sprinkler', 'Flood']",8.4,Yes,6.56
547,Soybean,South,Black,Rabi,15.22,321.7,23.7,60.5,8.1,155.2,50.2,93.8,200.1,3.92,"['Drip', 'Sprinkler', 'Flood']",8.8,Yes,5.5
548,Rice,South,Black,Kharif,24.36,903.1,23.3,94.6,6.6,97.8,73.6,91.2,168.6,4.22,"['Drip', 'Sprinkler', 'Flood']",6.2,No,11.15
549,Maize,Central,Loam,Zaid,20.25,472.6,24.5,47.3,6.7,102.8,60.4,34.2,143.4,4.2,"['Drip', 'Sprinkler', 'Flood']",7.6,Yes,7.76
550,Wheat,East,Silt,Kharif,21.48,1051.8,31.5,72.2,7.6,66.8,67.4,58.5,106.1,4.01,"['Drip', 'Sprinkler', 'Flood']",8.6,No,11.88
551,Rice,West,Sandy,Rabi,19.98,204.1,22.5,63.4,5.2,104.8,68.3,95.9,172.9,4.2,"['Drip', 'Sprinkler', 'Flood']",6.3,No,7.28
552,Wheat,Central,Clay,Rabi,10.14,180.4,29.8,62.4,6.5,143.1,54.5,77.2,178.8,2.16,"['Drip', 'Sprinkler', 'Flood']",8.4,No,6.19
553,Wheat,North,Black,Rabi,21.15,218.9,18.8,32.0,5.8,100.1,73.4,91.9,156.2,3.23,"['Drip', 'Sprinkler', 'Flood']",7.0,No,6.04
554,Rice,West,Clay,Zaid,16.04,270.9,21.4,48.7,7.2,122.9,69.7,97.3,173.5,4.02,"['Drip', 'Sprinkler', 'Flood']",6.4,Yes,7.07
555,Wheat,North,Loam,Rabi,14.69,432.4,23.7,51.1,6.0,113.3,65.2,74.6,156.8,3.88,"['Drip', 'Sprinkler', 'Flood']",8.0,No,7.59
556,Wheat,Central,Loam,Kharif,10.79,901.8,32.4,,6.6,131.2,70.7,104.1,188.4,2.88,"['Drip', 'Sprinkler', 'Flood']",7.3,No,11.57
557,Rice,Central,Black,Rabi,4.38,282.1,11.9,55.9,5.3,125.7,51.4,79.2,173.2,1.09,"['Drip', 'Sprinkler', 'Flood']",7.6,No,6.93
558,Soybean,South,Silt,Kharif,2.75,1137.6,26.5,61.0,6.6,129.7,45.0,122.7,182.3,0.91,"['Drip', 'Sprinkler', 'Flood']",7.6,No,14.09
559,Soybean,North,Black,Kharif,19.96,1066.2,26.7,82.8,7.4,102.4,68.4,54.4,141.5,4.13,"['Drip', 'Sprinkler', 'Flood']",6.3,No,12.28
560,Wheat,North,Black,Kharif,10.54,859.5,21.5,62.6,8.1,95.3,57.1,107.4,166.8,2.44,"['Drip', 'Sprinkler', 'Flood']",7.3,Yes,11.21
561,Rice,North,Sandy,Kharif,8.31,1033.6,28.2,57.6,7.9,129.6,46.3,72.5,161.0,1.45,"['Drip', 'Sprinkler', 'Flood']",6.3,No,12.18
562,Soybean,North,Silt,Rabi,11.16,105.0,22.0,48.9,5.3,112.3,60.2,78.5,166.5,2.58,"['Drip', 'Sprinkler', 'Flood']",6.9,Yes,4.46
563,Wheat,North,Black,Zaid,22.84,238.3,28.5,37.6,8.0,150.5,80.9,87.0,213.9,5.03,"['Drip', 'Sprinkler', 'Flood']",7.2,No,6.46
564,Rice,East,Sandy,Rabi,1.65,548.1,17.6,82.4,6.7,85.3,34.5,106.0,120.7,0.45,"['Drip', 'Sprinkler', 'Flood']",8.3,Yes,9.36
565,Soybean,Central,Silt,Kharif,2.66,855.6,20.8,80.0,5.2,91.6,58.1,73.9,142.8,0.5,"['Drip', 'Sprinkler', 'Flood']",6.8,No,10.49
566,Cotton,South,Clay,Zaid,14.79,528.1,23.6,61.0,5.6,77.9,45.3,102.5,126.8,3.55,"['Drip', 'Sprinkler', 'Flood']",6.3,No,7.3
567,Rice,South,Silt,Kharif,6.96,882.1,29.6,56.0,7.2,101.7,59.1,66.5,166.5,1.16,"['Drip', 'Sprinkler', 'Flood']",8.3,Yes,11.59
568,Wheat,North,Clay,Rabi,19.16,570.9,17.5,54.2,8.0,110.6,38.8,85.4,150.1,3.13,"['Drip', 'Sprinkler', 'Flood']",8.9,No,8.48
569,Maize,South,Silt,Kharif,7.31,966.0,30.9,84.9,5.6,93.6,77.7,56.8,146.8,1.47,"['Drip', 'Sprinkler', 'Flood']",9.1,Yes,11.61
570,Rice,Central,Loam,Kharif,5.7,759.9,24.6,81.4,6.2,97.6,65.2,98.7,162.3,2.71,"['Drip', 'Sprinkler', 'Flood']",7.2,Yes,10.75
571,Rice,East,Black,Kharif,17.19,670.2,20.0,75.6,5.3,128.1,59.4,87.3,184.6,3.82,"['Drip', 'Sprinkler', 'Flood']",7.4,No,9.84
572,Maize,Central,Sandy,Rabi,4.69,343.5,22.6,68.6,7.3,119.5,61.1,97.3,193.1,1.95,"['Drip', 'Sprinkler', 'Flood']",7.9,No,6.41
573,Wheat,West,Clay,Kharif,22.55,915.1,28.5,66.1,5.7,123.6,59.5,88.0,169.4,4.57,"['Drip', 'Sprinkler', 'Flood']",5.2,No,11.2
574,Wheat,North,Loam,Rabi,24.77,213.3,23.5,44.5,5.7,126.7,65.3,69.0,186.6,4.62,"['Drip', 'Sprinkler', 'Flood']",7.7,No,4.82
575,Rice,South,Loam,Rabi,7.88,209.0,25.2,44.7,7.7,77.1,48.2,81.6,114.7,1.48,"['Drip', 'Sprinkler', 'Flood']",7.8,No,6.01
576,Rice,North,Black,Rabi,24.35,772.1,16.8,67.8,5.8,154.2,,120.0,210.3,5.01,"['Drip', 'Sprinkler', 'Flood']",8.9,No,10.94
577,Rice,South,Sandy,Rabi,10.08,50.0,27.3,53.9,6.8,126.7,48.6,102.9,171.5,3.45,"['Drip', 'Sprinkler', 'Flood']",8.4,No,4.84
578,Rice,West,Silt,Rabi,13.32,684.8,19.7,67.4,5.7,110.9,60.5,73.9,168.0,2.43,"['Drip', 'Sprinkler', 'Flood']",8.2,No,9.75
579,Wheat,South,Loam,Kharif,3.87,1090.3,23.2,49.8,6.9,119.2,82.7,70.9,185.1,1.44,"['Drip', 'Sprinkler', 'Flood']",8.3,No,13.06
580,Soybean,South,Silt,Kharif,24.19,937.1,30.5,79.5,6.1,108.0,77.9,72.4,158.8,4.78,"['Drip', 'Sprinkler', 'Flood']",6.7,Yes,11.25
581,Maize,South,Loam,Kharif,23.21,807.4,28.6,78.8,5.5,73.6,37.2,74.9,102.7,4.2,"['Drip', 'Sprinkler', 'Flood']",7.0,No,9.22
582,Rice,Central,Loam,Zaid,10.81,379.8,21.2,41.2,6.1,121.4,78.0,97.5,194.4,2.75,"['Drip', 'Sprinkler', 'Flood']",6.5,No,8.39
583,Rice,North,Black,Rabi,1.83,565.8,23.5,49.7,5.5,101.8,55.7,102.2,158.9,1.76,"['Drip', 'Sprinkler', 'Flood']",8.3,No,8.94
584,Wheat,North,Silt,Kharif,22.43,850.6,26.5,70.5,7.1,108.7,25.4,89.6,135.9,3.77,"['Drip', 'Sprinkler', 'Flood']",7.5,No,10.97
585,Rice,South,Loam,Rabi,20.9,252.4,21.5,62.3,8.1,137.6,72.3,45.3,163.9,4.5,"['Drip', 'Sprinkler', 'Flood']",7.5,No,6.37
586,Maize,North,Clay,Kharif,18.67,792.8,23.6,71.7,6.1,88.7,27.1,50.3,114.0,3.58,"['Drip', 'Sprinkler', 'Flood']",6.8,No,10.0
587,Rice,North,Silt,Kharif,10.04,865.4,27.5,66.4,6.5,90.3,71.8,69.8,155.7,2.42,"['Drip', 'Sprinkler', 'Flood']",8.6,Yes,11.51
588,Soybean,South,Black,Kharif,2.04,1048.2,25.9,67.3,7.4,98.9,80.1,83.7,156.3,1.83,"['Drip', 'Sprinkler', 'Flood']",6.7,No,12.71
589,Maize,South,Silt,Rabi,4.92,254.0,16.4,50.8,7.3,103.7,43.2,66.0,128.4,,"['Drip', 'Sprinkler', 'Flood']",7.0,Yes,6.11
590,Maize,East,Silt,Kharif,6.17,791.7,29.2,52.9,7.6,160.7,79.0,77.3,207.2,2.87,"['Drip', 'Sprinkler', 'Flood']",7.3,No,11.11
591,Wheat,West,Silt,Rabi,15.36,483.5,13.4,48.3,6.3,154.9,79.5,78.2,212.4,3.18,"['Drip', 'Sprinkler', 'Flood']",8.7,No,8.66
592,Cotton,Central,Clay,Kharif,1.09,985.0,29.7,73.9,5.3,121.6,61.2,84.0,163.4,1.89,"['Drip', 'Sprinkler', 'Flood']",6.2,No,11.93
593,Maize,East,Clay,Rabi,14.47,162.1,21.6,45.6,5.6,98.3,74.5,88.7,159.0,2.33,"['Drip', 'Sprinkler', 'Flood']",8.3,No,5.47
594,Wheat,East,Sandy,Kharif,20.62,971.7,26.1,93.2,6.4,88.2,83.7,89.0,162.3,4.16,"['Drip', 'Sprinkler', 'Flood']",7.1,No,12.34
595,Rice,East,Black,Rabi,3.22,50.0,22.6,54.8,6.2,126.1,59.1,98.0,182.7,1.58,"['Drip', 'Sprinkler', 'Flood']",7.5,No,5.62
596,Soybean,South,Loam,Rabi,14.31,198.5,15.1,42.9,7.6,114.6,64.7,51.6,162.7,4.01,"['Drip', 'Sprinkler', 'Flood']",8.9,Yes,5.27
597,Maize,North,Silt,Rabi,16.43,184.1,22.4,70.7,5.3,66.0,84.3,91.8,142.0,4.19,"['Drip', 'Sprinkler', 'Flood']",6.9,No,5.34
598,Wheat,West,Clay,Kharif,10.96,710.3,30.8,83.2,7.9,143.8,58.4,87.4,201.6,1.76,"['Drip', 'Sprinkler', 'Flood']",7.2,Yes,10.72
599,Maize,Central,Black,Rabi,24.78,538.2,21.6,56.5,5.6,110.8,61.9,85.4,158.0,4.21,"['Drip', 'Sprinkler', 'Flood']",9.2,No,8.25
600,Wheat,North,Sandy,Zaid,5.54,194.1,19.0,37.4,7.9,137.1,47.4,73.8,183.8,1.93,"['Drip', 'Sprinkler', 'Flood']",7.5,No,5.69
601,Rice,East,Loam,Kharif,22.56,842.3,22.6,73.7,5.6,136.6,70.7,77.8,189.1,4.13,"['Drip', 'Sprinkler', 'Flood']",6.3,No,12.17
602,Maize,East,Silt,Zaid,1.02,622.4,22.6,48.2,7.0,99.8,96.9,116.5,190.7,0.92,"['Drip', 'Sprinkler', 'Flood']",8.0,No,9.48
603,Wheat,South,Silt,Rabi,16.68,549.6,22.3,75.3,7.5,98.9,45.5,112.2,155.6,2.94,"['Drip', 'Sprinkler', 'Flood']",9.7,Yes,8.45
604,Soybean,West,Loam,Rabi,14.06,93.3,29.9,48.2,6.1,150.9,58.9,51.7,191.8,3.65,"['Drip', 'Sprinkler', 'Flood']",7.8,No,6.06
605,Soybean,South,Loam,Kharif,17.22,816.0,42.5,76.1,6.9,99.2,71.7,83.8,158.0,3.89,"['Drip', 'Sprinkler', 'Flood']",7.8,No,10.82
606,Maize,Central,Clay,Kharif,0.92,909.9,29.1,75.2,6.3,99.3,45.4,57.9,141.0,0.3,"['Drip', 'Sprinkler', 'Flood']",8.0,No,11.04
607,Rice,South,Sandy,Kharif,12.63,913.1,30.5,85.1,5.9,93.6,54.6,69.5,130.7,2.53,"['Drip', 'Sprinkler', 'Flood']",7.0,No,11.68
608,Soybean,Central,Loam,Rabi,21.51,665.7,17.2,67.7,7.0,114.1,64.9,57.6,161.5,3.7,"['Drip', 'Sprinkler', 'Flood']",7.6,No,9.65
609,Rice,East,Sandy,Kharif,8.5,932.2,24.5,62.8,6.6,139.8,80.6,75.4,197.6,3.14,"['Drip', 'Sprinkler', 'Flood']",7.3,No,12.85
610,Cotton,East,Black,Rabi,17.96,332.8,24.6,51.4,6.9,112.1,52.9,82.3,148.7,4.6,"['Drip', 'Sprinkler', 'Flood']",11.0,No,5.89
611,Soybean,East,Silt,Rabi,3.47,493.9,16.1,43.5,6.8,97.1,56.0,92.0,136.5,1.18,"['Drip', 'Sprinkler', 'Flood']",7.0,No,8.11
612,Rice,Central,Clay,Kharif,23.96,884.7,26.6,77.2,6.9,141.0,66.6,65.6,187.0,5.17,"['Drip', 'Sprinkler', 'Flood']",7.2,No,12.6
613,Soybean,South,Silt,Rabi,16.81,89.3,16.6,52.3,6.4,130.5,51.5,79.6,158.6,2.92,"['Drip', 'Sprinkler', 'Flood']",8.1,Yes,4.65
614,Rice,West,Silt,Rabi,3.6,325.8,25.2,57.3,7.3,133.3,59.5,110.0,180.4,2.35,"['Drip', 'Sprinkler', 'Flood']",7.4,No,7.73
615,Maize,North,Sandy,Rabi,15.61,345.6,21.0,54.3,6.5,96.6,46.2,91.8,150.2,3.3,"['Drip', 'Sprinkler', 'Flood']",7.3,Yes,7.18
616,Soybean,Central,Loam,Kharif,0.69,1133.6,23.0,66.7,6.6,113.3,68.5,77.2,160.7,1.65,"['Drip', 'Sprinkler', 'Flood']",7.1,Yes,13.58
617,Rice,East,Black,Rabi,10.95,242.0,24.1,57.4,7.6,132.5,55.6,20.1,157.5,2.79,"['Drip', 'Sprinkler', 'Flood']",9.2,No,6.73
618,Wheat,South,Silt,Kharif,4.65,971.9,30.9,72.1,7.0,134.3,66.7,78.4,189.1,1.8,"['Drip', 'Sprinkler', 'Flood']",6.4,No,12.2
619,Wheat,Central,Black,Rabi,0.66,317.0,20.2,61.9,6.9,177.1,58.0,55.9,213.9,0.32,"['Drip', 'Sprinkler', 'Flood']",7.3,No,7.56
620,Rice,South,Clay,Zaid,18.43,165.3,23.8,61.2,5.4,130.8,36.7,68.9,172.1,3.32,"['Drip', 'Sprinkler', 'Flood']",6.2,No,5.47
621,Maize,South,Loam,Kharif,23.34,935.9,24.6,83.0,7.8,89.1,80.8,86.3,159.4,4.25,"['Drip', 'Sprinkler', 'Flood']",7.0,No,11.49
622,Wheat,Central,Silt,Kharif,5.37,795.6,35.0,57.7,7.8,120.0,58.8,103.3,182.9,1.22,"['Drip', 'Sprinkler', 'Flood']",7.5,No,11.07
623,Rice,East,Sandy,Rabi,16.6,353.9,24.1,55.9,6.7,140.6,64.3,60.9,177.4,2.68,"['Drip', 'Sprinkler', 'Flood']",8.9,Yes,8.1
624,Rice,Central,Sandy,Kharif,10.91,728.8,32.5,95.0,7.2,105.5,72.4,108.7,186.5,3.32,"['Drip', 'Sprinkler', 'Flood']",7.9,No,10.01
625,Wheat,South,Clay,Rabi,19.68,539.3,23.6,54.4,6.4,141.8,45.9,87.2,190.8,4.41,"['Drip', 'Sprinkler', 'Flood']",7.6,No,8.93
626,Rice,East,Clay,Rabi,19.6,182.9,29.1,71.8,7.0,141.4,73.6,83.9,197.1,3.7,"['Drip', 'Sprinkler', 'Flood']",,No,5.99
627,Cotton,North,Loam,Rabi,9.37,327.9,23.2,35.7,5.9,109.0,70.4,38.3,145.9,2.87,"['Drip', 'Sprinkler', 'Flood']",8.6,No,6.09
628,Soybean,North,Silt,Rabi,1.54,306.8,20.8,57.2,7.1,117.5,56.4,80.0,151.3,0.99,"['Drip', 'Sprinkler', 'Flood']",6.5,No,6.92
629,Soybean,North,Black,Rabi,19.18,277.7,21.3,61.6,5.7,90.2,57.6,44.7,131.6,3.5,"['Drip', 'Sprinkler', 'Flood']",9.3,No,5.8
630,Rice,South,Sandy,Zaid,14.62,297.5,18.0,62.4,5.9,103.2,66.7,73.3,167.7,3.21,"['Drip', 'Sprinkler', 'Flood']",4.7,No,7.6
631,Soybean,West,Loam,Rabi,14.66,554.5,22.1,44.2,5.5,129.3,56.9,90.3,178.7,3.32,"['Drip', 'Sprinkler', 'Flood']",7.7,Yes,9.09
632,Wheat,South,Silt,Rabi,21.07,228.4,21.1,51.5,6.7,85.1,73.0,82.8,144.3,4.54,"['Drip', 'Sprinkler', 'Flood']",6.4,No,5.34
633,Wheat,East,Silt,Rabi,8.17,223.7,18.1,51.9,7.8,90.9,66.2,79.6,156.6,1.98,"['Drip', 'Sprinkler', 'Flood']",9.0,No,6.16
634,Wheat,South,Loam,Kharif,10.89,1112.1,31.4,90.8,6.7,119.8,41.1,66.5,158.9,2.5,"['Drip', 'Sprinkler', 'Flood']",6.4,No,13.92
635,Rice,East,Sandy,Rabi,4.57,243.0,26.9,63.0,6.3,61.8,46.6,66.2,107.1,2.18,"['Drip', 'Sprinkler', 'Flood']",8.9,No,6.09
636,Maize,East,Sandy,Kharif,4.18,860.6,38.0,86.2,6.1,134.7,81.3,62.6,185.2,0.75,"['Drip', 'Sprinkler', 'Flood']",6.4,No,11.47
637,Maize,South,Loam,Zaid,7.23,429.8,13.7,47.6,7.1,109.2,50.6,88.8,147.7,1.24,"['Drip', 'Sprinkler', 'Flood']",6.6,Yes,7.66
638,Rice,North,Black,Rabi,19.27,179.3,17.7,70.1,7.0,112.3,86.8,100.5,176.1,3.84,"['Drip', 'Sprinkler', 'Flood']",8.9,No,6.75
639,Wheat,Central,Clay,Kharif,12.15,960.4,28.0,80.3,7.6,117.4,44.9,90.2,159.8,2.3,"['Drip', 'Sprinkler', 'Flood']",8.6,No,12.01
640,Rice,Central,Sandy,Rabi,22.14,67.9,26.5,34.1,8.0,139.8,39.5,93.7,174.4,4.3,"['Drip', 'Sprinkler', 'Flood']",8.4,No,4.67
641,Rice,South,Loam,Rabi,21.46,318.0,17.3,42.7,7.8,135.9,68.6,73.8,173.0,5.21,"['Drip', 'Sprinkler', 'Flood']",9.7,Yes,7.14
642,Maize,South,Sandy,Zaid,12.82,375.7,24.2,55.7,7.1,104.1,48.2,111.2,162.0,2.47,"['Drip', 'Sprinkler', 'Flood']",8.2,Yes,7.48
643,Maize,East,Black,Rabi,12.51,50.0,22.4,55.1,5.3,74.6,91.3,87.6,155.3,3.62,"['Drip', 'Sprinkler', 'Flood']",9.3,Yes,3.77
644,Wheat,East,Loam,Kharif,21.52,1040.4,26.7,94.3,7.2,118.2,46.6,59.8,138.5,5.02,"['Drip', 'Sprinkler', 'Flood']",8.4,No,13.52
645,Rice,North,Silt,Kharif,16.86,991.0,29.0,75.4,6.0,105.9,62.1,85.3,151.0,3.35,"['Drip', 'Sprinkler', 'Flood']",6.0,No,12.88
646,Rice,East,Loam,Kharif,14.42,601.2,26.3,62.8,6.6,128.1,64.4,78.4,173.7,3.35,"['Drip', 'Sprinkler', 'Flood']",8.7,No,9.37
647,Wheat,South,Loam,Rabi,23.61,219.5,26.7,73.7,7.4,102.4,59.0,62.8,142.0,4.1,"['Drip', 'Sprinkler', 'Flood']",8.6,No,5.17
648,Rice,North,Sandy,Kharif,11.27,1046.6,31.1,80.1,6.3,124.3,41.9,94.6,159.9,2.03,"['Drip', 'Sprinkler', 'Flood']",8.3,Yes,12.82
649,Maize,Central,Silt,Kharif,20.37,929.3,25.4,71.3,7.7,91.9,61.8,71.6,143.1,3.99,"['Drip', 'Sprinkler', 'Flood']",6.2,Yes,11.92
650,Wheat,North,Black,Kharif,14.31,1045.7,23.3,57.0,6.2,138.7,68.6,89.6,192.2,3.1,"['Drip', 'Sprinkler', 'Flood']",5.9,Yes,13.61
651,Rice,North,Black,Kharif,1.03,960.2,23.9,65.5,6.4,107.7,65.8,66.8,151.5,1.51,"['Drip', 'Sprinkler', 'Flood']",7.6,No,12.94
652,Cotton,Central,Black,Kharif,10.93,843.9,27.4,88.0,7.0,127.8,67.8,71.6,187.7,3.03,"['Drip', 'Sprinkler', 'Flood']",4.6,No,10.23
653,Wheat,West,Loam,Zaid,8.08,326.8,13.8,49.2,5.2,123.9,78.7,113.1,195.0,1.68,"['Drip', 'Sprinkler', 'Flood']",7.4,Yes,7.29
654,Maize,Central,Sandy,Kharif,4.4,960.3,32.1,82.4,6.4,126.6,76.5,64.1,184.1,1.15,"['Drip', 'Sprinkler', 'Flood']",7.9,No,11.96
655,Soybean,South,Sandy,Rabi,20.58,280.6,16.8,52.0,6.7,126.0,58.8,53.5,166.1,4.62,"['Drip', 'Sprinkler', 'Flood']",9.3,No,5.94
656,Maize,West,Loam,Rabi,3.88,535.9,22.0,61.4,6.5,100.6,78.5,65.4,158.8,1.36,"['Drip', 'Sprinkler', 'Flood']",8.1,No,8.43
657,Rice,North,Black,Rabi,11.89,498.2,24.0,71.0,7.6,149.6,,81.3,196.7,2.69,"['Drip', 'Sprinkler', 'Flood']",7.6,No,9.31
658,Cotton,South,Sandy,Rabi,3.34,262.1,24.1,34.5,6.7,127.6,36.8,109.8,159.4,0.72,"['Drip', 'Sprinkler', 'Flood']",8.5,No,6.16
659,Soybean,North,Loam,Kharif,23.39,816.0,26.6,81.2,6.6,82.8,71.6,84.9,151.0,4.24,"['Drip', 'Sprinkler', 'Flood']",7.8,No,10.19
660,Rice,South,Loam,Rabi,4.88,194.6,20.5,56.5,6.2,97.9,44.8,76.6,142.8,2.21,"['Drip', 'Sprinkler', 'Flood']",8.0,Yes,6.02
661,Maize,East,Silt,Rabi,8.96,99.3,22.4,73.9,8.0,93.6,68.3,56.6,147.9,1.42,"['Drip', 'Sprinkler', 'Flood']",8.2,No,4.73
662,Wheat,East,Loam,Kharif,16.1,629.3,26.7,84.6,5.8,119.2,36.0,79.6,153.9,4.24,"['Drip', 'Sprinkler', 'Flood']",8.7,No,9.06
663,Soybean,East,Black,Rabi,6.47,344.0,17.3,38.3,6.5,127.2,59.5,45.3,160.3,2.18,"['Drip', 'Sprinkler', 'Flood']",9.5,No,6.7
664,Rice,North,Silt,Rabi,7.23,192.3,14.1,59.1,7.1,134.6,66.1,76.4,179.3,2.31,"['Drip', 'Sprinkler', 'Flood']",7.8,No,5.75
665,Rice,East,Black,Kharif,23.28,1036.5,28.3,68.8,6.6,142.3,59.5,66.3,180.5,4.0,"['Drip', 'Sprinkler', 'Flood']",5.6,Yes,13.66
666,Maize,East,Sandy,Kharif,18.83,585.4,24.7,73.4,7.5,93.2,65.1,94.8,163.2,4.07,"['Drip', 'Sprinkler', 'Flood']",6.0,No,8.67
667,Cotton,South,Silt,Zaid,9.69,157.8,20.1,59.9,6.4,115.9,61.7,89.4,167.1,2.99,"['Drip', 'Sprinkler', 'Flood']",8.9,No,5.37
668,Rice,South,Black,Kharif,19.38,874.9,24.0,64.2,7.3,96.2,44.2,55.3,130.6,3.36,"['Drip', 'Sprinkler', 'Flood']",5.6,No,11.56
669,Soybean,North,Clay,Kharif,0.58,1022.4,22.0,66.6,5.5,88.5,46.3,70.0,126.3,0.2,"['Drip', 'Sprinkler', 'Flood']",7.3,Yes,11.45
670,Wheat,East,Silt,Zaid,8.46,187.1,21.0,68.0,6.6,140.2,67.8,78.2,174.8,2.58,"['Drip', 'Sprinkler', 'Flood']",5.1,No,5.72
671,Wheat,South,Clay,Kharif,23.46,1016.6,26.3,69.3,5.8,171.1,49.1,83.6,192.7,5.11,"['Drip', 'Sprinkler', 'Flood']",5.2,No,12.64
672,Maize,South,Clay,Kharif,18.19,899.9,34.0,82.1,7.2,94.8,70.1,60.6,146.1,4.29,"['Drip', 'Sprinkler', 'Flood']",9.0,No,11.12
673,Maize,East,Black,Rabi,11.24,324.7,19.8,62.1,7.4,76.5,74.7,85.0,,2.57,"['Drip', 'Sprinkler', 'Flood']",7.4,No,7.23
674,Cotton,East,Loam,Rabi,9.48,476.2,19.8,50.4,5.9,100.5,61.3,65.2,158.0,2.34,"['Drip', 'Sprinkler', 'Flood']",7.6,No,6.5
675,Rice,West,Sandy,Rabi,17.64,116.7,18.8,55.4,6.1,105.9,62.6,98.9,161.9,4.54,"['Drip', 'Sprinkler', 'Flood']",8.6,Yes,5.15
676,Rice,South,Clay,Kharif,7.66,773.0,23.7,84.5,5.3,125.1,72.4,66.6,172.3,2.59,"['Drip', 'Sprinkler', 'Flood']",6.9,No,9.43
677,Maize,North,Sandy,Rabi,14.88,117.4,21.0,38.6,7.1,159.6,71.8,63.4,197.1,3.57,"['Drip', 'Sprinkler', 'Flood']",8.1,Yes,5.77
678,Wheat,East,Loam,Rabi,9.23,400.7,12.5,60.6,7.9,145.9,35.5,85.0,173.5,1.84,"['Drip', 'Sprinkler', 'Flood']",8.4,No,8.22
679,Wheat,South,Loam,Kharif,24.06,1006.3,23.9,90.7,6.5,141.4,48.9,77.8,184.3,5.48,"['Drip', 'Sprinkler', 'Flood']",6.4,No,12.57
680,Wheat,Central,Sandy,Rabi,2.74,536.3,23.8,72.5,5.4,144.9,49.6,93.3,194.7,1.58,"['Drip', 'Sprinkler', 'Flood']",7.0,No,8.55
681,Cotton,South,Loam,Kharif,3.35,986.1,29.3,68.3,6.7,115.4,42.0,68.9,154.9,2.28,"['Drip', 'Sprinkler', 'Flood']",6.6,No,11.56
682,Maize,East,Loam,Kharif,10.48,1155.4,27.3,89.0,6.2,99.7,61.3,70.4,143.6,2.64,"['Drip', 'Sprinkler', 'Flood']",6.2,No,13.88
683,Maize,North,Clay,Rabi,8.32,467.0,20.3,56.9,6.5,127.9,48.5,122.9,177.8,2.33,"['Drip', 'Sprinkler', 'Flood']",8.5,Yes,8.42
684,Wheat,East,Sandy,Rabi,12.06,50.0,17.3,34.0,5.8,109.6,48.3,87.2,165.1,2.15,"['Drip', 'Sprinkler', 'Flood']",8.8,No,5.05
685,Rice,East,Black,Rabi,19.6,257.6,30.2,35.6,6.1,128.6,68.3,94.2,179.6,3.84,"['Drip', 'Sprinkler', 'Flood']",9.3,No,6.5
686,Cotton,South,Silt,Kharif,20.23,996.6,34.7,72.3,5.3,115.2,50.2,76.5,152.8,3.78,"['Drip', 'Sprinkler', 'Flood']",6.2,No,12.02
687,Maize,North,Clay,Rabi,11.28,291.2,22.6,63.5,8.0,153.9,29.2,52.8,187.4,2.47,"['Drip', 'Sprinkler', 'Flood']",7.4,No,6.73
688,Soybean,East,Loam,Kharif,16.17,790.5,27.4,84.5,8.0,130.3,65.2,80.0,174.8,3.98,"['Drip', 'Sprinkler', 'Flood']",6.5,Yes,10.6
689,Rice,North,Loam,Kharif,8.53,688.8,26.3,57.7,7.3,103.9,76.3,106.5,182.8,2.76,"['Drip', 'Sprinkler', 'Flood']",5.9,No,9.61
690,Maize,South,Sandy,Rabi,11.79,497.7,18.0,68.0,7.3,118.6,84.9,90.0,185.8,2.59,"['Drip', 'Sprinkler', 'Flood']",7.1,Yes,8.76
691,Rice,Central,Black,Kharif,14.36,1280.1,27.7,81.2,6.8,104.1,57.2,97.6,164.2,2.34,"['Drip', 'Sprinkler', 'Flood']",7.2,No,14.89
692,Rice,Central,Black,Zaid,15.45,357.1,27.7,54.3,7.5,101.7,65.1,40.7,145.3,3.8,"['Drip', 'Sprinkler', 'Flood']",6.8,No,7.02
693,Rice,East,Silt,Rabi,10.34,243.0,26.4,54.0,6.2,122.1,77.3,111.9,181.5,2.62,"['Drip', 'Sprinkler', 'Flood']",7.1,No,6.93
694,Soybean,Central,Black,Kharif,19.44,1165.0,28.7,81.1,5.3,81.3,42.7,84.6,118.6,4.83,"['Drip', 'Sprinkler', 'Flood']",6.6,Yes,13.2
695,Wheat,South,Silt,Zaid,6.21,526.0,17.7,75.2,8.0,128.7,86.1,114.0,220.4,2.64,"['Drip', 'Sprinkler', 'Flood']",7.3,Yes,9.16
696,Wheat,West,Black,Rabi,2.77,349.0,25.0,74.7,7.4,150.3,77.5,96.9,219.1,1.63,"['Drip', 'Sprinkler', 'Flood']",8.0,Yes,7.16
697,Soybean,West,Sandy,Rabi,12.96,325.5,20.8,47.4,8.1,137.9,71.5,91.1,195.2,3.84,"['Drip', 'Sprinkler', 'Flood']",8.3,No,7.0
698,Maize,Central,Silt,Kharif,24.12,1131.2,26.9,53.8,5.3,129.0,52.3,104.1,184.5,3.9,"['Drip', 'Sprinkler', 'Flood']",6.7,No,13.52
699,Wheat,West,Sandy,Kharif,10.66,950.7,30.1,95.0,7.4,94.7,63.5,68.2,147.1,1.92,"['Drip', 'Sprinkler', 'Flood']",6.7,No,11.41
700,Soybean,South,Sandy,Kharif,1.13,1097.3,32.4,77.0,7.4,135.8,72.1,47.1,173.8,1.61,"['Drip', 'Sprinkler', 'Flood']",7.2,No,13.12
701,Wheat,South,Loam,Kharif,12.15,1193.8,27.2,69.8,7.0,116.9,51.5,66.9,140.8,2.08,"['Drip', 'Sprinkler', 'Flood']",7.4,No,13.37
702,Maize,East,Black,Kharif,5.87,1054.7,34.5,92.4,5.9,129.7,63.3,45.6,176.1,1.09,"['Drip', 'Sprinkler', 'Flood']",7.1,No,13.06
703,Rice,Central,Black,Rabi,14.64,488.6,16.5,62.1,7.2,139.3,29.2,57.7,180.0,2.97,"['Drip', 'Sprinkler', 'Flood']",8.5,Yes,8.6
704,Wheat,North,Clay,Kharif,8.4,990.1,23.9,70.0,6.2,88.2,40.0,60.6,119.5,1.69,"['Drip', 'Sprinkler', 'Flood']",6.1,Yes,11.38
705,Rice,West,Sandy,Kharif,22.37,891.0,35.3,62.4,7.2,122.5,53.2,64.1,159.6,4.09,"['Drip', 'Sprinkler', 'Flood']",7.0,No,11.86
706,Wheat,,Loam,Kharif,17.96,882.9,30.6,81.6,6.6,64.1,48.3,132.2,130.2,3.06,"['Drip', 'Sprinkler', 'Flood']",7.9,No,10.16
707,Wheat,West,Loam,Kharif,18.74,642.4,26.9,63.6,5.3,108.2,41.7,74.8,138.7,3.14,"['Drip', 'Sprinkler', 'Flood']",4.0,Yes,8.86
708,Soybean,South,Clay,Rabi,23.9,107.1,18.6,58.1,5.3,144.8,57.1,61.3,189.6,4.43,"['Drip', 'Sprinkler', 'Flood']",7.1,No,5.11
709,Rice,North,Black,Rabi,5.61,279.1,15.7,70.3,5.6,137.1,51.2,81.4,203.1,2.8,"['Drip', 'Sprinkler', 'Flood']",7.5,No,7.15
710,Maize,South,Sandy,Kharif,24.1,1031.7,26.6,95.0,5.6,116.1,24.0,92.5,160.6,4.96,"['Drip', 'Sprinkler', 'Flood']",7.0,Yes,12.39
711,Rice,North,Black,Rabi,16.68,276.6,23.0,54.5,5.4,92.5,92.7,74.2,155.8,4.48,"['Drip', 'Sprinkler', 'Flood']",8.7,No,6.75
712,Rice,East,Silt,Rabi,6.0,253.6,32.1,76.0,7.0,100.7,51.7,100.2,147.9,2.57,"['Drip', 'Sprinkler', 'Flood']",9.0,No,6.38
713,Soybean,South,Sandy,Zaid,16.19,194.3,26.2,54.9,5.2,143.5,56.0,57.6,175.3,3.3,"['Drip', 'Sprinkler', 'Flood']",6.6,No,6.46
714,Rice,East,Black,Kharif,13.21,895.2,31.5,70.6,7.0,82.6,45.7,105.1,136.2,2.22,"['Drip', 'Sprinkler', 'Flood']",7.1,No,11.01
715,Soybean,South,Silt,Rabi,1.48,202.6,17.6,35.7,5.3,132.2,,101.5,178.4,2.04,"['Drip', 'Sprinkler', 'Flood']",6.9,Yes,5.97
716,Rice,South,Silt,Rabi,18.36,491.9,22.8,48.8,7.7,82.5,93.6,80.2,161.8,2.85,"['Drip', 'Sprinkler', 'Flood']",5.0,No,8.54
717,Cotton,South,Black,Rabi,18.65,305.5,14.0,60.5,5.5,146.0,48.9,99.9,202.8,3.43,"['Drip', 'Sprinkler', 'Flood']",5.6,No,6.38
718,Rice,East,Clay,Rabi,5.45,266.5,23.8,45.9,6.2,98.1,65.4,86.6,159.7,0.85,"['Drip', 'Sprinkler', 'Flood']",8.3,No,6.87
719,Maize,South,Black,Rabi,10.25,266.6,18.5,66.4,7.8,138.2,50.3,88.8,182.9,2.33,"['Drip', 'Sprinkler', 'Flood']",6.8,No,7.45
720,Cotton,Central,Sandy,Rabi,24.28,527.3,19.7,61.4,7.7,120.4,68.7,84.6,176.4,4.09,"['Drip', 'Sprinkler', 'Flood']",7.8,No,7.58
721,Rice,Central,Clay,Kharif,6.47,1104.7,28.7,80.4,6.9,98.0,45.9,71.4,145.8,2.23,"['Drip', 'Sprinkler', 'Flood']",5.9,No,13.76
722,Maize,Central,Sandy,Kharif,9.43,867.5,30.6,71.7,6.8,154.0,70.7,63.7,213.0,2.82,"['Drip', 'Sprinkler', 'Flood']",7.4,Yes,11.16
723,Soybean,Central,Silt,Rabi,3.07,349.7,18.4,46.0,8.1,151.7,64.6,67.2,193.9,1.38,"['Drip', 'Sprinkler', 'Flood']",9.9,No,7.05
724,Soybean,North,Silt,Rabi,1.91,270.3,16.4,71.4,5.6,116.2,55.0,75.0,151.8,2.18,"['Drip', 'Sprinkler', 'Flood']",7.8,No,5.52
725,Maize,Central,Silt,Kharif,11.58,681.7,26.6,68.7,7.8,148.4,67.9,76.3,186.3,2.37,"['Drip', 'Sprinkler', 'Flood']",6.6,Yes,9.62
726,Rice,North,Loam,Rabi,13.48,149.6,20.2,38.9,5.9,86.1,44.9,85.4,138.7,3.32,"['Drip', 'Sprinkler', 'Flood']",7.5,Yes,5.39
727,Soybean,East,Silt,Rabi,9.84,50.0,22.2,58.5,5.7,139.7,49.6,86.5,190.4,1.88,"['Drip', 'Sprinkler', 'Flood']",8.4,No,4.55
728,Rice,North,Sandy,Kharif,15.35,850.6,29.4,74.6,6.3,151.5,93.7,78.1,214.3,3.07,"['Drip', 'Sprinkler', 'Flood']",9.1,No,12.01
729,Soybean,Central,Clay,Rabi,12.71,50.0,18.6,67.4,5.7,141.7,53.4,88.9,175.4,3.45,"['Drip', 'Sprinkler', 'Flood']",8.7,No,4.86
730,Maize,Central,Loam,Rabi,8.14,150.3,20.0,64.0,5.7,66.7,56.3,52.8,109.4,3.22,"['Drip', 'Sprinkler', 'Flood']",10.1,No,4.51
731,Rice,South,Silt,Zaid,16.88,403.4,22.2,71.0,6.7,169.3,61.2,74.4,233.9,3.49,"['Drip', 'Sprinkler', 'Flood']",8.0,No,7.95
732,Maize,Central,Loam,Rabi,8.35,88.0,15.8,52.8,6.8,95.3,71.6,85.3,162.4,2.15,"['Drip', 'Sprinkler', 'Flood']",8.8,No,5.84
733,Rice,North,Loam,Rabi,8.38,151.9,21.4,37.4,6.1,120.7,58.0,73.8,169.6,1.44,"['Drip', 'Sprinkler', 'Flood']",7.4,No,5.76
734,Wheat,South,Loam,Rabi,1.66,104.8,20.2,61.1,8.1,164.2,69.1,103.0,214.2,1.3,"['Drip', 'Sprinkler', 'Flood']",8.4,No,5.99
735,Soybean,,Clay,Rabi,17.95,390.8,22.2,58.8,5.2,154.4,69.0,73.6,196.2,2.7,"['Drip', 'Sprinkler', 'Flood']",5.9,Yes,7.77
736,Soybean,Central,Clay,Kharif,21.03,639.3,30.1,76.5,5.9,94.7,33.0,57.0,129.3,4.88,"['Drip', 'Sprinkler', 'Flood']",6.5,No,8.54
737,Maize,South,Loam,Kharif,10.63,843.4,36.5,79.7,7.0,93.6,49.5,65.7,132.3,2.92,"['Drip', 'Sprinkler', 'Flood']",6.0,Yes,10.64
738,Soybean,East,Clay,Rabi,4.6,243.5,20.4,30.1,7.3,113.1,48.4,71.1,169.7,1.21,"['Drip', 'Sprinkler', 'Flood']",8.1,No,5.5
739,Wheat,North,Silt,Kharif,13.2,1067.0,29.0,77.1,6.4,124.5,80.0,95.4,198.0,2.72,"['Drip', 'Sprinkler', 'Flood']",7.4,No,12.35
740,Maize,East,Clay,Rabi,18.26,391.5,21.7,55.5,5.7,132.1,51.2,90.0,188.4,4.54,"['Drip', 'Sprinkler', 'Flood']",8.9,No,7.76
741,Rice,South,Clay,Kharif,18.17,1059.6,28.7,82.5,6.1,91.8,70.0,101.3,156.5,2.86,"['Drip', 'Sprinkler', 'Flood']",7.4,No,13.51
742,Maize,South,Loam,Kharif,3.04,926.2,28.4,84.7,6.9,136.7,36.4,90.4,181.2,1.71,"['Drip', 'Sprinkler', 'Flood']",6.6,No,11.83
743,Soybean,Central,Silt,Kharif,15.59,663.3,30.1,69.4,6.2,88.6,76.5,78.3,153.3,3.41,"['Drip', 'Sprinkler', 'Flood']",6.7,No,9.47
744,Wheat,Central,Sandy,Rabi,9.52,468.3,28.2,57.4,5.6,81.9,65.9,66.1,131.6,2.23,"['Drip', 'Sprinkler', 'Flood']",8.5,No,7.3
745,Rice,South,Silt,Kharif,10.02,812.8,30.7,62.1,5.8,143.8,62.0,92.7,203.1,2.82,"['Drip', 'Sprinkler', 'Flood']",8.9,No,11.78
746,Cotton,South,Sandy,Kharif,3.96,789.2,32.5,84.2,6.1,141.5,37.5,75.4,174.4,1.03,"['Drip', 'Sprinkler', 'Flood']",6.4,No,9.91
747,Rice,North,Silt,Kharif,5.56,815.9,27.0,90.0,7.5,116.1,47.6,59.7,153.6,1.47,"['Drip', 'Sprinkler', 'Flood']",6.5,Yes,10.89
748,Rice,East,Black,Rabi,15.89,50.0,22.8,56.0,5.4,175.7,64.5,92.2,222.0,2.56,"['Drip', 'Sprinkler', 'Flood']",8.9,No,5.41
749,Soybean,South,Loam,Kharif,22.78,656.3,24.2,59.6,6.1,126.1,75.5,95.3,193.1,4.25,"['Drip', 'Sprinkler', 'Flood']",6.7,No,9.31
750,Maize,East,Sandy,Rabi,22.64,240.4,26.8,52.8,5.6,80.5,68.5,92.9,149.8,4.15,"['Drip', 'Sprinkler', 'Flood']",8.1,No,6.03
751,Cotton,Central,Black,Rabi,11.46,473.2,21.6,50.7,6.2,99.8,72.4,89.8,166.9,3.07,"['Drip', 'Sprinkler', 'Flood']",9.3,No,7.99
752,Soybean,North,Sandy,Kharif,19.92,1125.2,28.9,65.9,8.2,85.2,60.7,27.8,104.8,3.72,"['Drip', 'Sprinkler', 'Flood']",7.0,No,13.01
753,Soybean,North,Sandy,Zaid,1.77,309.0,24.4,44.9,5.3,128.4,60.0,46.2,160.9,1.37,"['Drip', 'Sprinkler', 'Flood']",7.1,Yes,7.03
754,Maize,North,Silt,Kharif,12.02,871.4,23.3,84.9,6.0,103.1,70.1,20.0,133.8,2.65,"['Drip', 'Sprinkler', 'Flood']",6.9,No,10.82
755,Rice,North,Sandy,Kharif,22.88,955.1,27.2,70.6,6.7,101.1,80.7,103.9,174.2,3.58,"['Drip', 'Sprinkler', 'Flood']",6.6,No,12.59
756,Cotton,Central,Loam,Rabi,18.54,522.1,16.3,73.4,5.4,63.7,40.6,107.7,118.5,3.44,"['Drip', 'Sprinkler', 'Flood']",7.3,Yes,6.68
757,Wheat,Central,Loam,Kharif,18.1,1034.0,30.3,72.3,7.4,104.2,44.1,98.3,160.3,4.13,"['Drip', 'Sprinkler', 'Flood']",8.7,No,12.28
758,Maize,East,Loam,Kharif,12.94,737.5,37.5,88.0,6.0,143.6,46.4,83.8,189.8,3.46,"['Drip', 'Sprinkler', 'Flood']",7.7,No,11.19
759,Wheat,South,Black,Kharif,10.6,833.2,25.8,74.9,5.9,143.0,91.5,81.8,204.5,1.91,"['Drip', 'Sprinkler', 'Flood']",6.3,Yes,10.41
760,Wheat,West,Silt,Kharif,19.23,912.4,27.9,73.5,7.4,148.3,70.5,96.4,203.5,4.25,"['Drip', 'Sprinkler', 'Flood']",6.8,No,11.81
761,Cotton,East,Silt,Kharif,7.86,712.0,28.3,74.8,5.7,102.0,54.4,60.9,148.5,2.77,"['Drip', 'Sprinkler', 'Flood']",6.4,No,8.31
762,Rice,North,Silt,Kharif,1.1,1072.6,30.2,81.7,8.2,103.0,48.8,115.3,450.18,1.49,"['Drip', 'Sprinkler', 'Flood']",7.6,Yes,13.48
763,Wheat,South,Clay,Kharif,5.35,811.9,28.0,84.4,6.0,77.0,67.6,105.4,136.7,2.51,"['Drip', 'Sprinkler', 'Flood']",7.0,No,10.25
764,Wheat,Central,Silt,Rabi,3.97,179.1,16.4,53.6,5.8,57.4,62.2,67.7,104.5,1.22,"['Drip', 'Sprinkler', 'Flood']",7.0,No,4.66
765,Rice,South,Sandy,Rabi,21.67,50.0,28.8,65.0,6.5,130.5,63.4,97.2,189.7,3.88,"['Drip', 'Sprinkler', 'Flood']",10.0,No,5.89
766,Maize,East,Sandy,Rabi,22.6,2380.86,27.8,51.2,6.9,153.3,47.6,51.7,173.1,3.89,"['Drip', 'Sprinkler', 'Flood']",6.1,No,6.28
767,Soybean,South,Clay,Rabi,2.49,96.5,21.3,74.5,6.0,80.1,35.3,90.8,127.7,0.66,"['Drip', 'Sprinkler', 'Flood']",7.2,No,4.66
768,Maize,South,Black,Rabi,4.08,340.9,20.5,63.7,8.2,95.5,48.6,92.9,137.1,2.53,"['Drip', 'Sprinkler', 'Flood']",7.6,No,6.69
769,Maize,North,Black,Kharif,19.87,654.7,31.4,82.8,5.6,121.3,81.5,84.6,184.0,3.91,"['Drip', 'Sprinkler', 'Flood']",6.6,No,10.02
770,Maize,East,Sandy,Kharif,7.2,1068.3,27.0,90.4,6.6,126.8,66.7,89.9,182.3,2.82,"['Drip', 'Sprinkler', 'Flood']",6.1,No,12.92
771,Maize,East,Silt,Rabi,10.19,167.9,27.7,63.0,6.9,124.4,31.7,62.7,164.8,1.79,"['Drip', 'Sprinkler', 'Flood']",8.5,Yes,5.84
772,Rice,Central,Clay,Kharif,9.33,935.6,27.0,78.2,6.2,142.9,,99.2,204.7,2.98,"['Drip', 'Sprinkler', 'Flood']",6.6,Yes,11.89
773,Wheat,North,Sandy,Kharif,1.88,886.5,27.2,65.4,6.6,89.8,84.4,88.8,177.4,0.56,"['Drip', 'Sprinkler', 'Flood']",6.2,No,10.75
774,Rice,East,Sandy,Rabi,16.91,438.2,19.4,43.1,5.3,105.5,54.5,77.9,152.9,3.94,"['Drip', 'Sprinkler', 'Flood']",7.2,No,7.66
775,Wheat,South,Black,Kharif,15.88,815.5,25.8,68.0,7.7,137.6,60.3,64.6,185.6,3.17,"['Drip', 'Sprinkler', 'Flood']",9.0,No,10.53
776,Soybean,West,Silt,Kharif,3.26,948.7,26.6,78.1,8.0,131.6,84.4,78.5,185.3,1.87,"['Drip', 'Sprinkler', 'Flood']",7.3,No,12.37
777,Rice,East,Clay,Rabi,22.17,297.4,25.8,52.4,5.7,136.2,51.1,100.3,185.9,4.24,"['Drip', 'Sprinkler', 'Flood']",6.4,No,7.13
778,Rice,East,Clay,Kharif,3.13,562.3,29.0,75.0,5.4,140.0,60.8,101.7,197.1,1.93,"['Drip', 'Sprinkler', 'Flood']",7.4,No,9.25
779,Maize,Central,Sandy,Kharif,10.73,1154.8,29.0,81.8,6.0,107.4,88.4,62.2,167.4,3.45,"['Drip', 'Sprinkler', 'Flood']",6.4,No,13.49
780,Soybean,East,Loam,Kharif,18.26,866.1,20.0,80.8,7.3,119.2,63.2,73.3,167.1,4.12,"['Drip', 'Sprinkler', 'Flood']",7.2,No,11.39
781,Wheat,South,Silt,Kharif,24.34,860.1,27.4,90.8,6.0,136.5,56.6,102.4,192.7,4.19,"['Drip', 'Sprinkler', 'Flood']",6.8,No,11.4
782,Wheat,West,Black,Rabi,11.17,462.8,25.4,51.6,5.9,124.5,56.2,62.3,173.2,2.59,"['Drip', 'Sprinkler', 'Flood']",7.4,No,7.99
783,Rice,East,Clay,Kharif,16.16,735.2,30.9,55.1,7.5,171.6,73.4,103.9,241.9,3.24,"['Drip', 'Sprinkler', 'Flood']",6.0,No,11.34
784,Wheat,Central,Silt,Rabi,13.71,359.2,17.4,36.0,6.2,182.0,39.0,91.2,225.6,3.32,"['Drip', 'Sprinkler', 'Flood']",7.9,No,6.95
785,Soybean,West,Silt,Kharif,10.76,1035.0,31.1,79.5,5.2,123.1,80.3,68.2,181.1,3.03,"['Drip', 'Sprinkler', 'Flood']",7.6,No,12.86
786,Cotton,East,Silt,Rabi,20.57,463.1,21.7,64.1,6.4,120.1,52.9,66.0,154.2,4.75,"['Drip', 'Sprinkler', 'Flood']",8.5,Yes,7.08
787,Cotton,East,Loam,Rabi,22.94,256.5,17.8,55.3,5.8,98.8,36.2,42.4,124.5,4.03,"['Drip', 'Sprinkler', 'Flood']",8.2,Yes,5.49
788,Wheat,East,Loam,Kharif,9.26,699.9,22.9,83.9,6.1,107.0,66.6,56.0,156.6,2.35,"['Drip', 'Sprinkler', 'Flood']",6.8,No,9.61
789,Wheat,South,Loam,Kharif,12.1,974.3,21.6,76.3,7.0,94.0,86.8,46.7,136.4,2.57,"['Drip', 'Sprinkler', 'Flood']",4.0,No,11.79
790,Rice,North,Clay,Rabi,18.03,236.2,24.9,49.8,7.4,123.9,103.1,96.8,203.2,4.26,"['Drip', 'Sprinkler', 'Flood']",8.4,No,6.53
791,Wheat,North,Loam,Zaid,11.39,132.7,20.9,,8.0,96.6,57.3,74.8,134.9,2.69,"['Drip', 'Sprinkler', 'Flood']",6.2,No,4.97
792,Rice,South,Loam,Rabi,24.23,386.1,25.1,60.3,5.9,88.6,76.1,72.9,142.9,4.39,"['Drip', 'Sprinkler', 'Flood']",7.8,No,7.66
793,Maize,East,Silt,Rabi,23.73,367.0,22.6,73.7,7.0,171.2,77.4,83.5,228.5,4.98,"['Drip', 'Sprinkler', 'Flood']",7.0,No,7.57
794,Rice,North,Silt,Rabi,10.85,438.3,23.9,58.1,8.0,104.1,71.8,118.1,168.4,3.38,"['Drip', 'Sprinkler', 'Flood']",8.4,No,8.24
795,Maize,South,Black,Kharif,6.94,1142.0,30.9,79.1,6.9,143.7,60.9,91.2,204.6,1.06,"['Drip', 'Sprinkler', 'Flood']",8.2,Yes,13.86
796,Maize,East,Loam,Kharif,20.38,828.7,26.7,81.8,6.6,128.4,81.6,66.2,183.6,3.4,"['Drip', 'Sprinkler', 'Flood']",5.7,No,10.94
797,Wheat,West,Black,Kharif,19.13,449.9,29.7,80.4,7.1,126.6,42.0,94.5,186.6,3.68,"['Drip', 'Sprinkler', 'Flood']",6.3,No,8.25
798,Rice,North,Sandy,Kharif,15.36,935.1,32.5,62.7,5.6,86.8,42.5,102.1,132.8,3.81,"['Drip', 'Sprinkler', 'Flood']",7.7,No,12.15
799,Cotton,South,Loam,Kharif,14.26,826.7,21.4,75.4,6.0,112.9,55.8,108.4,180.2,3.81,"['Drip', 'Sprinkler', 'Flood']",6.9,No,10.86
800,Rice,East,Black,Rabi,23.12,156.8,16.4,46.0,6.9,109.3,61.3,61.7,154.1,4.5,"['Drip', 'Sprinkler', 'Flood']",7.5,No,5.47
801,Rice,South,Black,Kharif,23.21,850.1,30.6,84.7,5.8,182.5,48.5,105.8,228.9,4.82,"['Drip', 'Sprinkler', 'Flood']",8.3,Yes,11.5
802,Cotton,West,Clay,Rabi,9.36,128.0,17.6,52.7,7.6,106.6,55.5,73.5,136.9,2.68,"['Drip', 'Sprinkler', 'Flood']",8.5,No,5.12
803,Wheat,East,Silt,Kharif,10.09,828.4,18.9,66.2,6.0,125.8,67.0,84.5,173.3,2.3,"['Drip', 'Sprinkler', 'Flood']",7.9,Yes,11.12
804,Rice,Central,Black,Rabi,7.29,193.6,18.6,52.3,5.4,56.5,78.6,61.2,109.5,1.87,"['Drip', 'Sprinkler', 'Flood']",8.5,No,5.65
805,Cotton,North,Loam,Kharif,13.94,869.7,35.0,88.6,5.8,102.9,75.0,63.7,162.8,3.34,"['Drip', 'Sprinkler', 'Flood']",7.1,No,10.09
806,Maize,East,Sandy,Zaid,9.16,346.4,21.1,57.1,,121.2,50.8,99.2,172.5,2.46,"['Drip', 'Sprinkler', 'Flood']",7.6,No,7.22
807,Maize,Central,Silt,Kharif,6.53,807.1,29.7,58.7,8.0,86.5,59.8,81.6,136.3,2.7,"['Drip', 'Sprinkler', 'Flood']",6.1,No,10.18
808,Cotton,South,Silt,Kharif,18.61,936.2,23.9,84.2,6.3,100.8,56.9,97.1,151.7,4.37,"['Drip', 'Sprinkler', 'Flood']",6.1,No,10.85
809,Maize,Central,Black,Kharif,4.04,1152.6,31.6,72.5,6.4,106.1,62.8,98.3,164.3,2.4,"['Drip', 'Sprinkler', 'Flood']",8.6,No,14.28
810,Maize,East,Loam,Rabi,20.1,50.0,18.2,60.9,6.3,79.9,61.4,87.3,135.7,3.52,"['Drip', 'Sprinkler', 'Flood']",8.1,No,4.8
811,Rice,North,Black,Rabi,15.18,407.0,13.8,64.4,7.5,116.9,88.2,103.8,201.1,2.38,"['Drip', 'Sprinkler', 'Flood']",8.8,Yes,8.41
812,Rice,Central,Sandy,Rabi,5.06,231.7,19.0,58.3,5.4,144.1,44.9,48.6,165.5,2.5,"['Drip', 'Sprinkler', 'Flood']",9.1,No,6.01
813,Rice,South,Clay,Kharif,20.29,979.7,33.9,79.2,7.7,124.8,63.3,89.3,166.5,4.49,"['Drip', 'Sprinkler', 'Flood']",7.4,Yes,12.77
814,Wheat,Central,Sandy,Rabi,1.01,253.4,19.6,,5.6,133.9,62.6,106.8,206.3,1.82,"['Drip', 'Sprinkler', 'Flood']",7.3,Yes,6.36
815,Wheat,North,Clay,Kharif,15.35,1312.8,31.0,80.4,6.8,135.5,34.9,82.1,160.0,4.08,"['Drip', 'Sprinkler', 'Flood']",6.5,No,14.55
816,Cotton,East,Silt,Rabi,13.33,154.8,17.0,61.5,6.7,125.7,50.4,64.5,159.7,2.6,"['Drip', 'Sprinkler', 'Flood']",7.2,No,4.55
817,Rice,South,Clay,Rabi,5.78,339.2,14.4,42.3,7.5,130.3,77.0,107.4,195.2,2.67,"['Drip', 'Sprinkler', 'Flood']",8.3,No,7.55
818,Maize,South,Clay,Rabi,10.69,451.4,30.2,62.7,7.9,138.5,54.1,101.1,195.1,2.38,"['Drip', 'Sprinkler', 'Flood']",7.4,No,7.84
819,Rice,East,Silt,Kharif,24.54,932.2,26.8,70.8,6.7,138.8,66.9,80.6,190.3,3.8,"['Drip', 'Sprinkler', 'Flood']",5.7,No,11.98
820,Rice,South,Black,Rabi,15.73,194.2,20.7,58.2,6.8,139.2,71.3,46.1,180.4,2.43,"['Drip', 'Sprinkler', 'Flood']",8.3,No,5.66
821,Wheat,Central,Silt,Kharif,18.0,875.2,22.4,85.5,5.8,153.3,51.1,69.2,191.6,2.72,"['Drip', 'Sprinkler', 'Flood']",7.3,Yes,11.3
822,Cotton,Central,Silt,Rabi,6.75,348.3,21.1,54.8,5.4,132.4,50.9,72.6,174.0,1.95,"['Drip', 'Sprinkler', 'Flood']",10.3,No,6.32
823,Wheat,East,Sandy,Rabi,24.5,521.2,12.9,54.4,7.9,151.9,65.3,63.5,189.8,5.01,"['Drip', 'Sprinkler', 'Flood']",6.9,No,8.2
824,Cotton,West,Clay,Kharif,1.04,778.5,24.5,75.9,6.7,79.9,60.2,39.3,128.8,0.76,"['Drip', 'Sprinkler', 'Flood']",7.3,Yes,9.15
825,Wheat,West,Clay,Rabi,4.25,452.7,23.9,44.3,6.5,151.2,57.0,87.2,204.3,2.49,"['Drip', 'Sprinkler', 'Flood']",9.0,Yes,7.93
826,Rice,Central,Clay,Kharif,24.47,1189.6,26.1,83.3,6.1,32.9,64.4,98.1,97.5,4.1,"['Drip', 'Sprinkler', 'Flood']",6.3,Yes,13.4
827,Cotton,South,Black,Kharif,9.73,953.9,28.8,75.4,6.8,116.9,53.4,80.4,,2.76,"['Drip', 'Sprinkler', 'Flood']",6.7,No,11.41
828,Wheat,Central,Sandy,Rabi,22.99,301.2,19.2,40.9,5.5,130.9,71.1,134.2,222.8,3.61,"['Drip', 'Sprinkler', 'Flood']",8.0,No,6.98
829,Cotton,Central,Silt,Kharif,15.04,762.8,24.8,79.0,5.4,102.2,50.9,70.4,137.9,2.45,"['Drip', 'Sprinkler', 'Flood']",5.8,No,9.33
830,Soybean,West,Silt,Rabi,9.29,264.5,17.7,54.5,7.3,83.1,75.8,85.4,169.9,2.01,"['Drip', 'Sprinkler', 'Flood']",7.7,Yes,6.18
831,Wheat,North,Black,Rabi,4.12,377.9,21.0,53.6,6.2,99.9,55.3,93.4,146.8,2.48,"['Drip', 'Sprinkler', 'Flood']",8.1,No,6.83
832,Rice,West,Silt,Rabi,9.42,86.3,18.2,60.8,5.3,144.4,37.3,51.9,178.7,2.34,"['Drip', 'Sprinkler', 'Flood']",9.7,No,5.17
833,Rice,Central,Silt,Rabi,23.97,302.9,12.9,63.1,5.7,166.1,60.0,88.8,220.2,3.68,"['Drip', 'Sprinkler', 'Flood']",7.4,Yes,7.0
834,Rice,South,Clay,Kharif,19.39,885.9,23.7,63.4,7.6,118.7,60.8,42.9,156.0,3.91,"['Drip', 'Sprinkler', 'Flood']",7.2,No,11.88
835,Maize,East,Black,Kharif,13.45,611.1,23.1,80.6,7.4,160.5,97.5,92.7,224.7,4.01,"['Drip', 'Sprinkler', 'Flood']",6.6,No,9.83
836,Maize,Central,Loam,Rabi,22.02,327.9,29.0,45.4,7.0,122.6,73.0,61.6,,3.9,"['Drip', 'Sprinkler', 'Flood']",7.8,Yes,6.95
837,Soybean,South,Sandy,Kharif,6.12,949.1,35.3,75.0,5.3,121.7,84.0,96.6,173.4,2.8,"['Drip', 'Sprinkler', 'Flood']",6.5,Yes,12.21
838,Cotton,West,Black,Rabi,12.67,120.8,16.7,49.0,6.9,129.1,31.0,97.7,167.2,3.35,"['Drip', 'Sprinkler', 'Flood']",8.6,Yes,5.13
839,Rice,South,Clay,Zaid,1.01,471.0,25.8,54.2,7.2,156.5,31.9,102.0,199.0,0.35,"['Drip', 'Sprinkler', 'Flood']",7.6,No,8.49
840,Rice,North,Clay,Rabi,21.4,474.6,24.0,55.2,7.5,136.6,25.3,89.6,170.5,4.11,"['Drip', 'Sprinkler', 'Flood']",9.2,No,8.93
841,Rice,North,Black,Kharif,2.54,934.0,24.4,70.1,8.0,130.5,54.9,36.5,144.1,1.91,"['Drip', 'Sprinkler', 'Flood']",5.2,No,12.13
842,Rice,West,Clay,Rabi,23.16,416.9,20.3,53.2,7.8,127.0,44.6,92.2,160.6,4.28,"['Drip', 'Sprinkler', 'Flood']",8.7,No,8.45
843,Maize,West,Clay,Rabi,23.38,336.8,16.0,46.5,6.3,125.8,63.3,76.8,179.5,3.54,"['Drip', 'Sprinkler', 'Flood']",9.2,No,6.91
844,Maize,North,Sandy,Rabi,2.59,397.9,24.0,43.8,6.9,130.0,65.4,20.0,158.7,1.84,"['Drip', 'Sprinkler', 'Flood']",7.2,Yes,7.99
845,Cotton,South,Sandy,Rabi,10.93,369.1,21.5,68.7,8.2,106.2,50.8,45.3,145.6,3.34,"['Drip', 'Sprinkler', 'Flood']",8.0,No,6.59
846,Rice,West,Silt,Kharif,24.54,877.8,25.0,88.9,7.8,150.9,51.5,91.3,192.0,3.87,"['Drip', 'Sprinkler', 'Flood']",6.9,No,12.24
847,Wheat,South,Loam,Kharif,7.27,1003.1,23.8,55.9,7.6,107.3,41.2,72.1,143.6,2.2,"['Drip', 'Sprinkler', 'Flood']",6.2,No,12.58
848,Wheat,Central,Silt,Kharif,8.67,746.8,27.9,69.6,5.5,122.1,59.5,84.6,172.0,2.92,"['Drip', 'Sprinkler', 'Flood']",6.6,Yes,10.34
849,Soybean,Central,Clay,Kharif,4.63,784.1,23.8,84.4,5.3,93.8,64.6,110.8,170.8,2.42,"['Drip', 'Sprinkler', 'Flood']",9.2,No,10.21
850,Rice,South,Clay,Rabi,6.33,299.0,16.0,60.9,6.4,129.4,48.9,115.4,203.4,1.77,"['Drip', 'Sprinkler', 'Flood']",7.3,No,6.98
851,Soybean,West,Sandy,Rabi,12.69,451.5,20.4,57.8,5.6,137.8,68.6,106.2,209.5,2.17,"['Drip', 'Sprinkler', 'Flood']",9.0,Yes,8.64
852,Maize,West,Clay,Zaid,7.28,297.1,21.2,55.5,5.8,149.6,74.8,64.4,201.6,1.99,"['Drip', 'Sprinkler', 'Flood']",7.9,Yes,7.52
853,Rice,Central,Silt,Rabi,17.17,205.7,21.9,50.5,6.3,107.2,80.3,51.2,152.3,4.47,"['Drip', 'Sprinkler', 'Flood']",7.0,No,6.08
854,Wheat,West,Loam,Rabi,13.34,459.8,21.6,59.6,6.1,116.7,69.2,82.7,163.7,3.53,"['Drip', 'Sprinkler', 'Flood']",9.0,No,8.17
855,Wheat,South,Sandy,Rabi,24.11,278.9,25.5,50.0,7.5,125.1,51.0,64.4,173.9,4.9,"['Drip', 'Sprinkler', 'Flood']",7.9,Yes,6.44
856,Rice,North,Black,Rabi,18.79,443.5,26.1,56.6,7.9,121.1,72.2,92.3,169.5,4.16,"['Drip', 'Sprinkler', 'Flood']",6.7,No,8.0
857,Rice,North,Silt,Zaid,0.58,429.1,20.1,50.3,6.9,90.5,69.8,80.1,153.7,1.62,"['Drip', 'Sprinkler', 'Flood']",7.5,No,7.95
858,Maize,West,Black,Rabi,9.24,112.3,16.9,64.6,7.9,97.7,86.4,59.0,165.3,2.45,"['Drip', 'Sprinkler', 'Flood']",6.9,No,5.08
859,Maize,North,Clay,Kharif,21.73,943.2,32.0,78.9,7.2,119.8,76.0,76.7,185.1,3.7,"['Drip', 'Sprinkler', 'Flood']",8.2,Yes,11.96
860,Rice,Central,Black,Rabi,22.38,635.4,28.6,67.6,7.0,135.8,66.3,53.0,168.9,5.23,"['Drip', 'Sprinkler', 'Flood']",8.1,No,10.24
861,Wheat,West,Loam,Zaid,12.49,567.0,20.7,58.5,6.7,112.5,62.5,106.0,187.3,3.74,"['Drip', 'Sprinkler', 'Flood']",7.0,No,8.61
862,Maize,Central,Black,Kharif,7.24,868.9,29.1,80.2,7.4,118.2,50.2,82.7,168.7,2.01,"['Drip', 'Sprinkler', 'Flood']",6.6,Yes,11.03
863,Wheat,Central,Clay,Kharif,19.04,919.8,20.4,61.1,7.7,135.8,67.9,96.4,195.8,3.21,"['Drip', 'Sprinkler', 'Flood']",7.2,No,11.71
864,Wheat,North,Silt,Kharif,6.12,930.3,29.2,67.7,6.8,84.6,52.4,124.1,146.3,2.72,"['Drip', 'Sprinkler', 'Flood']",9.5,No,10.94
865,Wheat,Central,Black,Rabi,5.78,212.5,21.8,60.6,6.1,96.8,33.1,51.7,128.9,1.26,"['Drip', 'Sprinkler', 'Flood']",,No,5.6
866,Wheat,East,Clay,Zaid,6.13,133.9,18.0,31.7,5.5,65.7,64.3,51.4,105.5,1.19,"['Drip', 'Sprinkler', 'Flood']",5.8,Yes,4.62
867,Wheat,Central,Black,Rabi,13.82,466.8,23.2,65.6,5.5,135.3,58.7,105.2,194.3,3.05,"['Drip', 'Sprinkler', 'Flood']",7.7,No,8.65
868,Maize,North,Clay,Rabi,2.25,503.9,20.1,42.6,7.4,113.5,68.1,73.6,180.9,0.4,"['Drip', 'Sprinkler', 'Flood']",8.2,No,7.68
869,Maize,Central,Loam,Kharif,4.54,889.5,22.3,88.3,6.6,138.6,65.5,59.8,190.5,0.8,"['Drip', 'Sprinkler', 'Flood']",6.1,No,11.72
870,Wheat,South,Silt,Rabi,19.97,293.3,17.7,54.8,6.1,136.9,75.9,97.8,209.8,4.08,"['Drip', 'Sprinkler', 'Flood']",7.7,No,7.39
871,Wheat,Central,Sandy,Rabi,19.81,233.8,25.1,43.8,5.3,118.7,81.1,88.9,188.8,4.24,"['Drip', 'Sprinkler', 'Flood']",7.4,Yes,6.14
872,Wheat,South,Loam,Kharif,4.16,781.3,27.7,82.1,6.2,107.4,47.8,95.2,146.0,1.37,"['Drip', 'Sprinkler', 'Flood']",8.5,No,10.58
873,Wheat,South,Silt,Rabi,15.55,163.9,21.9,72.2,7.5,119.7,88.3,68.6,175.2,2.45,"['Drip', 'Sprinkler', 'Flood']",7.9,No,6.39
874,Rice,East,Black,Zaid,18.59,169.0,20.5,71.2,8.1,100.5,45.2,39.3,131.5,3.29,"['Drip', 'Sprinkler', 'Flood']",7.5,Yes,6.11
875,Maize,South,Clay,Kharif,2.11,831.4,22.8,73.3,6.9,134.7,48.2,51.7,162.1,0.8,"['Drip', 'Sprinkler', 'Flood']",7.3,No,10.98
876,Maize,East,Clay,Kharif,24.04,759.3,27.9,86.1,5.3,73.5,83.0,72.1,133.1,5.5,"['Drip', 'Sprinkler', 'Flood']",6.4,No,10.22
877,Wheat,West,Sandy,Kharif,17.24,796.8,37.7,76.8,5.5,117.1,48.9,94.3,166.4,3.74,"['Drip', 'Sprinkler', 'Flood']",7.8,No,9.7
878,Cotton,West,Sandy,Kharif,17.59,889.0,20.5,72.8,6.0,117.9,52.0,56.2,146.8,3.99,"['Drip', 'Sprinkler', 'Flood']",6.6,No,10.83
879,Soybean,South,Clay,Zaid,5.62,313.3,17.3,58.7,6.1,103.0,56.2,60.6,145.8,1.05,"['Drip', 'Sprinkler', 'Flood']",7.5,Yes,5.94
880,Maize,West,Black,Kharif,24.4,792.4,28.1,79.4,7.2,106.6,60.4,32.2,114.6,3.74,"['Drip', 'Sprinkler', 'Flood']",6.8,Yes,10.5
881,Wheat,West,Black,Rabi,24.06,367.0,20.9,74.2,7.5,107.9,56.6,56.0,165.4,4.03,"['Drip', 'Sprinkler', 'Flood']",8.1,Yes,7.21
882,Rice,South,Black,Kharif,15.13,715.1,30.7,71.6,6.3,81.6,64.1,78.6,143.4,4.23,"['Drip', 'Sprinkler', 'Flood']",8.2,No,10.38
883,Wheat,East,Clay,Kharif,15.44,723.0,34.9,87.1,7.6,135.7,74.7,59.3,179.8,2.9,"['Drip', 'Sprinkler', 'Flood']",6.8,Yes,9.84
884,Wheat,North,Silt,Kharif,20.47,874.3,29.5,80.8,7.0,131.1,68.9,77.2,190.5,3.22,"['Drip', 'Sprinkler', 'Flood']",7.0,No,11.53
885,Maize,North,Black,Kharif,18.81,1001.5,23.0,76.6,6.7,97.7,47.3,93.1,149.4,4.21,"['Drip', 'Sprinkler', 'Flood']",6.7,Yes,12.64
886,Wheat,North,Clay,Rabi,1.86,489.0,23.8,48.7,6.4,84.0,42.7,81.6,121.7,1.65,"['Drip', 'Sprinkler', 'Flood']",10.1,Yes,8.23
887,Soybean,West,Sandy,Rabi,9.22,373.5,16.7,60.3,6.7,149.8,69.1,62.8,178.4,2.63,"['Drip', 'Sprinkler', 'Flood']",7.2,No,7.52
888,Soybean,North,Sandy,Rabi,0.62,191.6,16.7,53.1,5.8,111.5,76.3,67.4,156.7,1.88,"['Drip', 'Sprinkler', 'Flood']",8.2,Yes,5.64
889,Rice,West,Loam,Kharif,9.58,889.6,27.3,80.2,8.2,93.3,55.2,76.4,139.6,3.31,"['Drip', 'Sprinkler', 'Flood']",8.3,No,11.07
890,Cotton,South,Black,Rabi,15.78,333.4,16.2,42.9,6.9,89.0,78.4,72.7,158.1,3.58,"['Drip', 'Sprinkler', 'Flood']",6.7,No,5.61
891,Soybean,East,Black,Kharif,13.61,801.5,30.9,82.2,6.2,114.4,62.5,82.5,160.3,3.28,"['Drip', 'Sprinkler', 'Flood']",7.0,No,10.53
892,Wheat,North,Clay,Kharif,3.96,987.5,32.0,73.0,6.9,143.6,54.1,61.1,157.7,1.54,"['Drip', 'Sprinkler', 'Flood']",6.6,No,12.45
893,Soybean,North,Silt,Kharif,5.79,450.5,23.1,76.9,6.2,153.8,42.9,42.8,167.0,1.91,"['Drip', 'Sprinkler', 'Flood']",5.3,No,7.74
894,Cotton,South,Loam,Rabi,24.02,289.4,22.5,51.7,5.6,108.4,40.6,66.3,152.9,5.3,"['Drip', 'Sprinkler', 'Flood']",8.8,No,6.08
895,Maize,South,Sandy,Kharif,13.99,776.3,26.4,59.5,5.8,78.6,34.7,66.2,126.9,3.86,"['Drip', 'Sprinkler', 'Flood']",8.1,No,10.15
896,Rice,Central,Loam,Kharif,5.21,778.2,27.5,87.4,5.9,126.2,47.6,52.0,157.5,0.86,"['Drip', 'Sprinkler', 'Flood']",9.5,No,10.94
897,Wheat,North,Black,Kharif,10.07,940.5,27.1,92.8,7.5,136.1,54.1,79.8,174.2,2.18,"['Drip', 'Sprinkler', 'Flood']",5.4,No,11.98
898,Wheat,East,Black,Rabi,2.46,262.8,19.9,52.2,7.4,144.1,65.1,92.4,209.4,0.76,"['Drip', 'Sprinkler', 'Flood']",7.1,No,6.46
899,Wheat,West,Clay,Rabi,7.12,428.2,18.4,46.9,5.4,105.5,89.2,65.4,163.7,1.89,"['Drip', 'Sprinkler', 'Flood']",6.3,Yes,7.62
900,Cotton,West,Silt,Rabi,20.74,322.6,29.0,44.4,8.1,66.8,46.1,111.7,133.5,3.16,"['Drip', 'Sprinkler', 'Flood']",9.4,No,5.43
901,Soybean,North,Silt,Kharif,23.46,1024.9,27.0,73.7,6.2,105.0,67.0,77.7,156.0,3.54,"['Drip', 'Sprinkler', 'Flood']",6.9,No,12.34
902,Wheat,East,Loam,Kharif,5.86,2380.86,21.4,83.8,8.1,108.4,75.3,27.5,140.0,1.63,"['Drip', 'Sprinkler', 'Flood']",7.4,No,11.21
903,Rice,South,Black,Kharif,24.05,987.3,25.3,81.4,6.7,139.4,66.6,78.5,186.0,4.08,"['Drip', 'Sprinkler', 'Flood']",10.2,Yes,12.75
904,Rice,North,Clay,Zaid,18.65,369.4,16.2,55.0,7.9,162.2,72.9,53.7,191.3,4.59,"['Drip', 'Sprinkler', 'Flood']",5.4,Yes,7.48
905,Wheat,East,Silt,Kharif,13.88,883.1,23.4,73.4,5.9,86.1,34.9,96.8,140.7,3.84,"['Drip', 'Sprinkler', 'Flood']",6.1,No,11.19
906,Rice,North,Clay,Rabi,11.52,503.6,20.7,43.4,7.3,85.8,54.1,42.5,131.8,1.97,"['Drip', 'Sprinkler', 'Flood']",7.6,No,8.16
907,Rice,Central,Black,Rabi,4.09,337.6,17.3,67.5,5.5,120.4,65.1,69.4,163.8,0.93,"['Drip', 'Sprinkler', 'Flood']",7.4,No,6.98
908,Wheat,South,Silt,Zaid,17.33,101.5,19.1,58.2,5.4,85.8,31.3,103.3,138.8,3.25,"['Drip', 'Sprinkler', 'Flood']",,No,4.9
909,Wheat,East,Sandy,Kharif,15.77,646.7,26.2,91.7,5.6,74.4,85.5,60.9,140.0,3.75,"['Drip', 'Sprinkler', 'Flood']",4.7,Yes,9.2
910,Maize,West,Sandy,Rabi,7.65,166.0,26.7,70.1,6.2,117.3,42.1,60.2,142.3,1.71,"['Drip', 'Sprinkler', 'Flood']",6.8,No,5.69
911,Cotton,Central,Silt,Kharif,23.13,917.4,33.0,64.2,6.8,129.2,69.5,77.8,190.2,4.23,"['Drip', 'Sprinkler', 'Flood']",6.6,Yes,10.56
912,Maize,East,Black,Rabi,9.92,143.0,24.3,66.3,7.9,80.2,59.1,101.5,154.9,2.13,"['Drip', 'Sprinkler', 'Flood']",7.0,No,4.94
913,Cotton,East,Black,Kharif,16.27,790.3,21.5,64.5,7.8,148.3,44.4,45.6,174.2,3.9,"['Drip', 'Sprinkler', 'Flood']",6.0,No,9.87
914,Maize,North,Black,Kharif,18.79,911.3,29.9,68.7,5.7,92.5,57.5,71.3,143.3,4.47,"['Drip', 'Sprinkler', 'Flood']",6.5,Yes,11.16
915,Soybean,West,Black,Rabi,19.84,351.4,18.5,66.7,7.9,108.5,53.7,75.9,149.8,4.34,"['Drip', 'Sprinkler', 'Flood']",8.4,No,6.99
916,Maize,Central,Clay,Zaid,8.91,534.1,23.6,66.4,6.4,77.3,44.0,84.3,135.0,2.9,"['Drip', 'Sprinkler', 'Flood']",6.5,No,8.37
917,Rice,East,Silt,Kharif,1.13,789.5,24.2,95.0,6.9,103.4,73.1,81.7,150.3,1.82,"['Drip', 'Sprinkler', 'Flood']",7.1,Yes,10.99
918,Wheat,West,Black,Rabi,2.33,498.1,25.4,35.8,7.0,128.5,68.6,89.0,179.3,0.82,"['Drip', 'Sprinkler', 'Flood']",8.1,No,8.27
919,Rice,North,Sandy,Rabi,8.51,266.5,22.7,53.7,7.9,96.3,67.0,59.3,149.5,1.75,"['Drip', 'Sprinkler', 'Flood']",7.0,No,6.48
920,Soybean,South,Clay,Rabi,16.26,263.1,28.6,70.5,7.6,142.8,63.1,53.4,184.4,4.33,"['Drip', 'Sprinkler', 'Flood']",9.0,No,6.73
921,Wheat,West,Clay,Rabi,0.66,229.5,23.2,42.3,7.5,117.1,34.2,104.2,173.6,1.92,"['Drip', 'Sprinkler', 'Flood']",7.5,No,5.19
922,Soybean,East,Silt,Rabi,11.52,488.3,17.9,58.0,5.7,97.3,60.6,62.9,154.3,3.07,"['Drip', 'Sprinkler', 'Flood']",7.1,No,7.59
923,Soybean,West,Sandy,Rabi,21.12,258.1,25.6,50.4,5.6,152.5,80.0,95.3,217.2,5.03,"['Drip', 'Sprinkler', 'Flood']",8.0,Yes,6.8
924,Rice,East,Black,Rabi,6.19,321.4,23.0,53.6,7.8,154.8,41.2,92.3,181.4,1.07,"['Drip', 'Sprinkler', 'Flood']",8.9,Yes,7.48
925,Wheat,East,Black,Rabi,17.21,274.1,24.2,41.3,6.4,115.7,42.6,58.3,161.4,3.96,"['Drip', 'Sprinkler', 'Flood']",10.0,No,5.58
926,Cotton,West,Sandy,Rabi,4.17,449.2,24.8,55.4,6.7,118.9,50.9,70.7,164.8,2.54,"['Drip', 'Sprinkler', 'Flood']",6.2,Yes,6.97
927,Rice,Central,Clay,Kharif,2.04,925.7,30.1,75.6,6.1,117.5,72.2,90.7,181.6,0.8,"['Drip', 'Sprinkler', 'Flood']",7.0,No,12.37
928,Rice,North,Clay,Rabi,10.4,501.5,19.4,40.8,5.7,129.8,72.6,64.9,180.5,3.51,"['Drip', 'Sprinkler', 'Flood']",7.3,Yes,8.55
929,Wheat,East,Loam,Kharif,15.66,641.3,27.5,69.7,7.9,95.9,37.1,69.3,124.7,2.71,"['Drip', 'Sprinkler', 'Flood']",7.8,No,9.35
930,Wheat,West,Clay,Kharif,18.07,1016.2,29.1,87.6,6.9,138.6,86.3,92.5,205.8,3.02,"['Drip', 'Sprinkler', 'Flood']",9.1,Yes,12.53
931,Rice,North,Loam,Rabi,20.09,190.5,16.6,50.3,6.9,105.8,60.8,92.0,155.3,3.5,"['Drip', 'Sprinkler', 'Flood']",6.7,No,6.21
932,Maize,South,Silt,Kharif,18.26,837.8,21.6,78.8,6.7,133.2,72.7,80.1,189.8,3.4,"['Drip', 'Sprinkler', 'Flood']",7.9,No,10.89
933,Rice,West,Loam,Kharif,11.45,1035.0,20.9,69.0,5.7,126.0,64.6,82.9,179.2,2.65,"['Drip', 'Sprinkler', 'Flood']",9.2,No,12.75
934,Rice,Central,Sandy,Kharif,23.81,901.1,32.6,71.0,5.6,156.9,63.9,90.6,208.7,4.3,"['Drip', 'Sprinkler', 'Flood']",6.8,Yes,11.53
935,Wheat,North,Loam,Kharif,14.08,621.3,22.1,84.1,6.7,100.0,47.4,72.2,145.8,3.52,"['Drip', 'Sprinkler', 'Flood']",8.6,No,8.75
936,Maize,South,Loam,Rabi,23.1,291.4,22.8,37.3,5.3,188.7,64.5,81.7,242.6,3.63,"['Drip', 'Sprinkler', 'Flood']",6.4,No,7.04
937,Rice,South,Clay,Zaid,21.86,50.0,17.1,69.5,7.1,144.1,77.0,119.7,228.5,4.61,"['Drip', 'Sprinkler', 'Flood']",6.4,Yes,5.5
938,Soybean,East,Loam,Rabi,5.31,414.7,25.1,55.3,6.6,128.3,79.5,123.7,216.2,1.09,"['Drip', 'Sprinkler', 'Flood']",8.5,Yes,7.78
939,Wheat,North,Silt,Kharif,18.94,947.4,29.5,77.0,5.5,82.9,54.8,86.3,138.6,4.08,"['Drip', 'Sprinkler', 'Flood']",6.8,Yes,11.68
940,Maize,East,Silt,Zaid,5.35,403.7,16.4,43.7,5.3,96.1,53.0,67.1,148.3,2.12,"['Drip', 'Sprinkler', 'Flood']",5.0,No,7.44
941,Cotton,North,Sandy,Kharif,2.71,1089.8,28.7,65.4,8.0,138.7,72.5,59.8,183.0,1.6,"['Drip', 'Sprinkler', 'Flood']",7.5,No,13.18
942,Wheat,Central,Sandy,Rabi,21.07,330.0,27.0,61.6,7.2,125.9,50.2,66.6,155.7,3.42,"['Drip', 'Sprinkler', 'Flood']",7.6,Yes,6.47
943,Wheat,Central,Loam,Kharif,5.17,1074.0,26.0,65.4,7.5,113.9,79.8,108.3,185.5,2.26,"['Drip', 'Sprinkler', 'Flood']",7.4,Yes,13.26
944,Wheat,North,Black,Kharif,6.15,1033.1,26.6,75.1,7.0,156.9,69.0,100.7,214.1,2.65,"['Drip', 'Sprinkler', 'Flood']",7.7,Yes,13.07
945,Rice,West,Loam,Kharif,6.9,1084.8,22.3,69.3,5.9,87.2,57.0,64.1,132.6,2.27,"['Drip', 'Sprinkler', 'Flood']",7.5,No,12.47
946,Soybean,East,Sandy,Kharif,19.78,998.3,25.2,68.3,7.0,124.1,46.3,71.6,178.5,4.86,"['Drip', 'Sprinkler', 'Flood']",7.0,Yes,12.8
947,Cotton,East,Loam,Kharif,14.1,932.2,20.9,,5.3,119.4,82.6,61.3,169.8,2.91,"['Drip', 'Sprinkler', 'Flood']",6.8,No,11.2
948,Rice,East,Black,Kharif,18.31,947.8,26.7,78.6,7.0,128.1,54.7,76.1,175.5,2.92,"['Drip', 'Sprinkler', 'Flood']",6.0,Yes,12.18
949,Wheat,West,Sandy,Kharif,1.67,997.3,25.2,67.1,6.1,116.2,62.9,68.2,162.8,1.38,"['Drip', 'Sprinkler', 'Flood']",6.8,Yes,11.7
950,Rice,South,Silt,Rabi,12.66,263.6,22.4,67.3,6.2,165.1,60.0,84.6,201.6,2.21,"['Drip', 'Sprinkler', 'Flood']",8.9,No,6.3
951,Cotton,Central,Silt,Rabi,2.43,142.6,18.5,62.5,6.6,86.1,101.1,91.2,157.6,0.99,"['Drip', 'Sprinkler', 'Flood']",8.6,No,4.04
952,Cotton,North,Black,Rabi,11.95,166.1,21.9,53.6,7.4,118.5,71.0,82.9,165.3,3.43,"['Drip', 'Sprinkler', 'Flood']",6.6,No,4.7
953,Maize,East,Sandy,Kharif,24.94,1140.7,30.8,88.3,6.7,129.0,64.5,64.3,181.2,5.6,"['Drip', 'Sprinkler', 'Flood']",5.4,No,12.6
954,Maize,East,Clay,Rabi,11.26,50.0,24.0,,7.0,120.0,53.0,121.8,172.3,1.99,"['Drip', 'Sprinkler', 'Flood']",5.5,No,4.95
955,Maize,South,Clay,Rabi,11.2,355.7,26.9,41.7,6.1,116.8,53.3,75.9,151.0,1.81,"['Drip', 'Sprinkler', 'Flood']",6.8,No,7.07
956,Cotton,Central,Clay,Kharif,11.95,1209.8,20.6,73.2,6.8,125.1,65.7,91.1,183.5,3.12,"['Drip', 'Sprinkler', 'Flood']",8.8,No,13.52
957,Wheat,Central,,Zaid,20.08,321.1,27.0,55.1,7.0,87.5,79.6,57.0,137.0,3.24,"['Drip', 'Sprinkler', 'Flood']",7.2,No,7.17
958,Rice,East,Sandy,Zaid,12.95,243.3,24.1,37.1,8.1,167.7,46.1,76.4,208.6,3.46,"['Drip', 'Sprinkler', 'Flood']",5.0,No,7.11
959,Rice,Central,Black,Zaid,24.33,55.6,27.6,51.5,5.3,117.8,44.9,74.8,153.3,5.31,"['Drip', 'Sprinkler', 'Flood']",8.3,Yes,5.08
960,Rice,South,Loam,Zaid,13.02,479.1,13.6,55.0,6.0,138.9,79.3,57.9,184.3,2.88,"['Drip', 'Sprinkler', 'Flood']",7.0,No,8.07
961,Soybean,East,Loam,Kharif,14.93,909.7,30.0,78.6,6.9,113.9,72.0,93.7,165.9,2.74,"['Drip', 'Sprinkler', 'Flood']",7.0,No,11.06
962,Maize,South,Silt,Kharif,19.59,657.6,21.1,79.4,7.6,107.9,46.8,78.4,154.2,4.15,"['Drip', 'Sprinkler', 'Flood']",5.7,No,9.7
963,Rice,East,Sandy,Zaid,11.02,282.4,25.8,61.3,5.7,142.1,52.2,96.8,202.7,2.81,"['Drip', 'Sprinkler', 'Flood']",9.0,Yes,6.86
964,Rice,North,Black,Zaid,19.58,212.1,20.6,65.1,7.3,121.0,64.3,26.7,160.8,3.73,"['Drip', 'Sprinkler', 'Flood']",8.7,No,7.13
965,Maize,North,,Rabi,2.05,267.9,23.6,61.4,7.5,90.9,57.8,61.4,135.6,1.94,"['Drip', 'Sprinkler', 'Flood']",6.6,No,6.59
966,Wheat,South,Silt,Rabi,8.87,130.0,22.2,54.6,6.0,109.6,,61.4,165.1,1.37,"['Drip', 'Sprinkler', 'Flood']",9.1,No,5.92
967,Rice,North,Loam,Rabi,11.01,121.3,14.4,52.4,7.6,101.1,34.9,99.4,135.3,3.44,"['Drip', 'Sprinkler', 'Flood']",8.3,No,5.77
968,Maize,East,Black,Rabi,15.95,372.1,11.4,47.8,7.4,138.6,47.6,71.4,175.9,2.55,"['Drip', 'Sprinkler', 'Flood']",7.8,No,7.95
969,Cotton,Central,Black,Kharif,10.17,816.0,30.2,62.0,7.1,137.3,80.0,64.2,178.5,2.62,"['Drip', 'Sprinkler', 'Flood']",6.2,No,9.79
970,Maize,Central,Sandy,Kharif,6.9,891.8,25.7,88.5,5.5,89.8,44.3,77.0,450.18,2.41,"['Drip', 'Sprinkler', 'Flood']",6.1,No,11.13
971,Rice,West,Sandy,Kharif,12.12,686.0,31.0,76.9,7.5,153.3,45.9,73.2,184.9,3.77,"['Drip', 'Sprinkler', 'Flood']",7.4,No,10.75
972,Rice,East,Silt,Rabi,1.7,416.0,16.2,46.9,6.1,140.2,,69.0,188.3,0.84,"['Drip', 'Sprinkler', 'Flood']",7.3,No,8.4
973,Cotton,West,Black,Rabi,11.07,187.1,22.9,49.5,7.7,125.8,71.8,72.7,184.4,2.55,"['Drip', 'Sprinkler', 'Flood']",7.1,No,5.57
974,Soybean,West,Clay,Kharif,12.91,929.9,24.7,68.4,5.9,123.9,48.6,63.8,165.8,2.2,"['Drip', 'Sprinkler', 'Flood']",5.9,No,10.92
975,Rice,North,Sandy,Rabi,9.0,318.1,20.8,64.6,7.8,109.1,66.3,87.8,172.1,2.25,"['Drip', 'Sprinkler', 'Flood']",9.5,No,6.5
976,Rice,North,Sandy,Rabi,10.06,329.7,23.0,58.8,7.3,139.5,68.5,103.3,199.5,3.42,"['Drip', 'Sprinkler', 'Flood']",6.8,No,7.41
977,Wheat,West,Black,Kharif,12.13,750.1,27.6,67.5,5.6,45.0,66.5,71.3,86.5,2.71,"['Drip', 'Sprinkler', 'Flood']",5.7,No,10.19
978,Rice,Central,Silt,Rabi,21.39,323.1,18.3,47.0,5.6,131.5,65.8,84.3,190.8,4.68,"['Drip', 'Sprinkler', 'Flood']",8.7,No,7.06
979,Maize,West,Black,Kharif,14.08,1110.2,27.1,69.7,6.7,134.4,57.2,89.5,172.9,3.12,"['Drip', 'Sprinkler', 'Flood']",6.4,No,12.99
980,Soybean,North,Silt,Kharif,16.49,1091.1,27.0,85.9,7.4,153.0,38.9,89.7,195.1,2.86,"['Drip', 'Sprinkler', 'Flood']",9.7,No,12.66
508,Soybean,West,Loam,Kharif,1.49,883.8,22.8,85.2,7.9,128.9,68.4,50.7,172.0,0.76,"['Drip', 'Sprinkler', 'Flood']",5.9,No,11.38
819,Rice,East,Silt,Kharif,24.54,932.2,26.8,70.8,6.7,138.8,66.9,80.6,190.3,3.8,"['Drip', 'Sprinkler', 'Flood']",5.7,No,11.98
453,Wheat,Central,Loam,Rabi,16.64,234.5,23.3,40.1,7.5,138.8,55.4,64.3,169.5,2.56,"['Drip', 'Sprinkler', 'Flood']",7.3,Yes,7.54
369,Wheat,East,Clay,Rabi,3.8,340.1,21.8,68.7,8.1,135.6,43.3,100.3,190.2,0.76,"['Drip', 'Sprinkler', 'Flood']",9.1,Yes,7.14
243,Soybean,North,Clay,Kharif,17.63,954.8,30.4,67.6,6.9,133.3,52.3,50.4,177.3,2.66,"['Drip', 'Sprinkler', 'Flood']",9.2,Yes,12.33
930,Wheat,West,Clay,Kharif,18.07,1016.2,29.1,87.6,6.9,138.6,86.3,92.5,205.8,3.02,"['Drip', 'Sprinkler', 'Flood']",9.1,Yes,12.53
263,Wheat,East,Clay,Zaid,7.41,413.9,24.0,59.3,5.2,120.6,63.2,100.4,182.4,1.85,"['Drip', 'Sprinkler', 'Flood']",5.9,No,7.74
811,Rice,North,Black,Rabi,15.18,407.0,13.8,64.4,7.5,116.9,88.2,103.8,201.1,2.38,"['Drip', 'Sprinkler', 'Flood']",8.8,Yes,8.41
319,Maize,South,Sandy,Zaid,20.06,290.2,22.0,69.7,7.4,100.6,55.1,77.2,144.2,3.11,"['Drip', 'Sprinkler', 'Flood']",7.1,No,6.68
50,Soybean,South,Loam,Rabi,11.29,282.9,16.6,53.2,7.4,89.2,71.7,92.7,160.7,3.63,"['Drip', 'Sprinkler', 'Flood']",7.2,No,6.64
447,Maize,West,Black,Kharif,12.96,901.8,22.2,63.3,6.6,118.3,53.7,97.4,167.9,2.93,"['Drip', 'Sprinkler', 'Flood']",5.5,No,10.85
143,Cotton,Central,Loam,Rabi,20.09,160.7,20.1,56.6,7.2,131.6,21.1,83.4,159.3,3.8,"['Drip', 'Sprinkler', 'Flood']",8.9,Yes,4.6
969,Cotton,Central,Black,Kharif,10.17,816.0,30.2,62.0,7.1,137.3,80.0,64.2,178.5,2.62,"['Drip', 'Sprinkler', 'Flood']",6.2,No,9.79
346,Cotton,South,Sandy,Rabi,10.86,60.0,24.6,58.2,6.6,73.0,59.7,55.8,119.7,3.28,"['Drip', 'Sprinkler', 'Flood']",8.9,No,3.29
972,Rice,East,Silt,Rabi,1.7,416.0,16.2,46.9,6.1,140.2,,69.0,188.3,0.84,"['Drip', 'Sprinkler', 'Flood']",7.3,No,8.4
134,Soybean,North,Silt,Kharif,2.58,749.7,35.1,62.4,8.1,106.3,56.0,72.0,155.4,0.99,"['Drip', 'Sprinkler', 'Flood']",6.6,No,9.85
105,Wheat,South,Sandy,Zaid,12.22,50.0,28.0,43.1,6.8,127.7,46.5,44.1,149.7,2.36,"['Drip', 'Sprinkler', 'Flood']",5.4,No,4.89
7,Maize,West,Black,Rabi,19.33,232.9,23.8,55.4,,121.7,52.4,27.5,147.4,3.11,"['Drip', 'Sprinkler', 'Flood']",6.8,No,6.32
601,Rice,East,Loam,Kharif,22.56,842.3,22.6,73.7,5.6,136.6,70.7,77.8,189.1,4.13,"['Drip', 'Sprinkler', 'Flood']",6.3,No,12.17
497,Maize,South,Black,Kharif,9.85,1024.7,25.7,81.6,6.5,129.6,53.7,56.7,177.9,3.47,"['Drip', 'Sprinkler', 'Flood']",7.7,No,12.73
